年度,大会,節,試合日,K/O時刻,ホーム,スコア,アウェイ,ホームスコア,アウェイスコア,結果,札幌の結果は？,スタジアム,入場者数,インターネット中継・TV放送,points
1998,Ｊ１ １ｓｔ,第１３節第１日,07/25(土),19:00,横浜Ｆ,2-2,札幌,2,2,0,△,三ツ沢,"5,104",,1
1998,Ｊ１ １ｓｔ,第１４節第１日,07/29(水),19:03,札幌,3-4,Ｃ大阪,3,4,2,●,札幌,"17,689",,0
1998,Ｊ１ １ｓｔ,第１５節第１日,08/01(土),19:04,広島,4-3,札幌,4,3,1,●,広島ス,"5,411",,0
1998,Ｊ１ １ｓｔ,第１６節第１日,08/05(水),19:00,札幌,1-2,福岡,1,2,2,●,札幌,"11,103",,0
1998,Ｊ１ １ｓｔ,第１７節第１日,08/08(土),19:04,京都,4-2,札幌,4,2,1,●,西京極,"4,130",,0
1998,Ｊ１ ２ｎｄ,第１節第１日,08/22(土),19:03,Ｃ大阪,1-3,札幌,1,3,2,〇,長居,"7,239",,3
1998,Ｊ１ ２ｎｄ,第２節第１日,08/29(土),13:02,札幌,2-0,広島,2,0,1,〇,札幌,"8,517",,3
1998,Ｊ１ ２ｎｄ,第３節第１日,09/05(土),19:04,福岡,1-0,札幌,1,0,1,●,博多球,"8,567",,0
1998,Ｊ１ ２ｎｄ,第４節第１日,09/12(土),14:00,札幌,2-0,京都,2,0,1,〇,札幌,"10,192",,3
1998,Ｊ１ ２ｎｄ,第５節第１日,09/15(火・祝),14:04,札幌,1-2,清水,1,2,2,●,札幌,"10,406",,0
1998,Ｊ１ ２ｎｄ,第６節第１日,09/19(土),19:03,鹿島,3-2,札幌,3,2,1,●,カシマ,"15,184",,0
1998,Ｊ１ ２ｎｄ,第７節第１日,09/23(水・祝),13:04,札幌,3-2,柏,3,2,1,〇,札幌,"11,183",,3
1998,Ｊ１ ２ｎｄ,第８節第１日,09/26(土),15:03,Ｇ大阪,1-0,札幌,1,0,1,●,万博,"3,688",,0
1999,Ｊ２,第１６節第２日,07/04(日),13:05,札幌,0-1,Ｆ東京,0,1,2,●,札幌,"11,783",ＮＨＫ札幌,0
1999,Ｊ２,第１７節第１日,07/09(金),19:00,甲府,1-1,札幌,1,1,0,△,小瀬,"3,807",,1
1999,Ｊ２,第１８節第２日,07/17(土),14:01,札幌,1-0,大分,1,0,1,〇,札幌,"10,259",北海道テレビ,3
1999,Ｊ２,第１９節第２日,08/01(日),14:00,札幌,2-0,仙台,2,0,1,〇,札幌,"11,717",北海道テレビ,3
1999,Ｊ２,第２０節第１日,08/07(土),18:00,新潟,1-1,札幌,1,1,0,△,新潟,"5,637",,1
1999,Ｊ２,第２１節第１日,08/15(日),12:02,札幌,3-2,大分,3,2,1,〇,札幌,"12,820",札幌テレビ放送,3
1999,Ｊ２,第２２節第４日,08/23(月),19:05,山形,1-4,札幌,1,4,2,〇,山形県,"3,940",,3
1999,Ｊ２,第２３節第２日,08/29(日),13:03,札幌,4-1,Ｆ東京,4,1,1,〇,札幌,"17,427",テレビ北海道,3
1999,Ｊ２,第２４節第２日,09/05(日),18:00,鳥栖,0-1,札幌,0,1,2,〇,鳥栖,"4,834",サガテレビ（録）,3
1999,Ｊ２,第２５節第１日,09/10(金),19:00,川崎Ｆ,2-0,札幌,2,0,1,●,等々力,"13,168",,0
1999,Ｊ２,第２６節第１日,09/15(水・祝),14:04,札幌,4-0,甲府,4,0,1,〇,札幌,"15,193",北海道放送,3
1999,Ｊ２,第２７節第２日,09/19(日),18:16,大宮,1-0,札幌,1,0,1,●,大宮,"5,042",テレビ埼玉,0
1999,Ｊ２,第２８節第２日,09/26(日),12:35,札幌,1-2,新潟,1,2,2,●,札幌,"13,216",北海道文化放送,0
2000,Ｊ２,第２２節第２日,07/02(日),12:05,札幌,2-1,大宮,2,1,1,〇,札幌,"13,808",北海道文化放送／Ｊスカイスポーツ（録）,3
2000,Ｊ２,第２３節第２日,07/09(日),14:04,札幌,2-1,新潟,2,1,1,〇,札幌,"12,366",北海道放送／Ｊスカイスポーツ,3
2000,Ｊ２,第６節第３日,07/16(日),13:05,札幌,1-1,浦和,1,1,0,△,室蘭,"10,146",ＮＨＫ札幌／Ｊスカイスポーツ,1
2000,Ｊ２,第２４節第１日,07/22(土),19:01,仙台,0-2,札幌,0,2,2,〇,仙台,"13,189",Ｊスカイスポーツ（録）,3
2000,Ｊ２,第２５節第２日,07/29(土),14:02,札幌,2-1,浦和,2,1,1,〇,札幌,"19,825",札幌テレビ／Ｊスカイスポーツ,3
2000,Ｊ２,第２６節第１日,08/02(水),19:03,大分,1-0,札幌,1,0,1,●,大分,"5,871",Ｊスカイスポーツ,0
2000,Ｊ２,第２７節第１日,08/05(土),13:32,札幌,1-0,山形,1,0,1,〇,札幌,"11,471",札幌テレビ／スカイパーフェクＴＶ！（１２１ｃｈ）（録）,3
2000,Ｊ２,第２８節第１日,08/12(土),17:01,水戸,0-2,札幌,0,2,2,〇,ひたちな,"2,610",Ｊスカイスポーツ（録）,3
2000,Ｊ２,第２９節第２日,08/19(土),13:02,札幌,1-1,湘南,1,1,0,△,札幌,"16,215",北海道テレビ／Ｊスカイスポーツ,1
2000,Ｊ２,第３０節第１日,08/26(土),18:34,大宮,0-2,札幌,0,2,2,〇,大宮,"7,469",スカイパーフェクＴＶ！（１２１ｃｈ）,3
2000,Ｊ２,第３１節第２日,09/03(日),13:04,札幌,1-2,鳥栖,1,2,2,●,札幌,"13,155",ＮＨＫ札幌／スカイパーフェクＴＶ！（１２１ｃｈ）（録）,0
2000,Ｊ２,第３２節第３日,09/11(月),19:04,甲府,0-2,札幌,0,2,2,〇,小瀬,"1,042",スカイパーフェクＴＶ！（１２１ｃｈ）,3
2000,Ｊ２,第３４節第２日,09/24(日),12:32,札幌,1-0,仙台,1,0,1,〇,札幌,"10,901",北海道文化放送／スカイパーフェクＴＶ！（１２１ｃｈ）（録）,3
2000,Ｊ２,第３５節第１日,09/28(木),19:04,浦和,1-2,札幌,1,2,2,〇,駒場,"16,068",テレビ埼玉／スカイパーフェクＴＶ！（１２１ｃｈ）,3
2001,Ｊ１ １ｓｔ,第１３節第１日,07/07(土),14:04,札幌,2-3,市原,2,3,2,●,札幌厚別,"16,728",北海道文化放送,0
2001,Ｊ１ １ｓｔ,第１４節第１日,07/14(土),19:01,福岡,0-2,札幌,0,2,2,〇,博多球,"12,106",福岡放送（録）,3
2001,Ｊ１ １ｓｔ,第１５節第１日,07/21(土),19:03,札幌,1-1,横浜FM,1,1,0,△,札幌ド,"39,319",テレビ北海道,1
2001,Ｊ１ ２ｎｄ,第１節第１日,08/11(土),19:04,鹿島,2-1,札幌,2,1,1,●,カシマ,"21,848",ＢＳ,0
2001,Ｊ１ ２ｎｄ,第２節第１日,08/18(土),15:33,札幌,2-5,Ｆ東京,2,5,2,●,札幌ド,"32,975",ＴＢＳ（単）,0
2001,Ｊ１ ２ｎｄ,第３節第１日,08/25(土),19:00,横浜FM,3-2,札幌,3,2,1,●,横浜国,"16,247",ＢＳ（録）,0
2001,Ｊ１ ２ｎｄ,第４節第１日,09/08(土),15:36,札幌,3-4,福岡,3,4,2,●,札幌厚別,"14,113",北海道放送／Ｊスカイスポーツ,0
2001,Ｊ１ ２ｎｄ,第５節第１日,09/15(土・祝),14:01,札幌,3-2,清水,3,2,1,〇,札幌ド,"35,725",ＢＳ（録）／北海道テレビ,3
2001,Ｊ１ ２ｎｄ,第６節第１日,09/22(土),15:33,Ｇ大阪,0-0,札幌,0,0,0,△,万博,"7,507",関西テレビ／Ｊスカイスポーツ,1
2001,Ｊ１ ２ｎｄ,第７節第１日,09/29(土),15:06,札幌,5-2,神戸,5,2,1,〇,札幌厚別,"15,112",ＢＳ／北海道文化放送,3
2002,Ｊ１ １ｓｔ,第８節第１日,07/13(土),19:05,神戸,1-0,札幌,1,0,1,●,神戸ユ,"8,810",ＢＳ－ｉ／読売テレビ（録）,0
2002,Ｊ１ １ｓｔ,第９節第１日,07/20(土・祝),19:04,浦和,2-1,札幌,2,1,1,●,国立,"28,054",テレビ埼玉／Ｊスカイスポーツ／とちぎテレビ／テレビ北海道,0
2002,Ｊ１ １ｓｔ,第１０節第１日,07/24(水),19:00,札幌,2-3,横浜FM,2,3,2,●,札幌ド,"25,528",Ｊスカイスポーツ（録）,0
2002,Ｊ１ １ｓｔ,第１１節第２日,07/28(日),19:04,Ｆ東京,3-1,札幌,3,1,1,●,国立,"20,326",ＢＳ,0
2002,Ｊ１ １ｓｔ,第１２節第１日,08/03(土),14:04,札幌,2-3,清水,2,3,2,●,札幌ド,"26,815",北海道放送／静岡放送,0
2002,Ｊ１ １ｓｔ,第１３節第１日,08/07(水),19:04,市原,2-0,札幌,2,0,1,●,市原,"4,628",千葉テレビ,0
2002,Ｊ１ １ｓｔ,第１４節第１日,08/10(土),15:04,札幌,1-0,Ｇ大阪,1,0,1,〇,札幌厚別,"17,193",北海道文化放送／ＢＳ（録）,3
2002,Ｊ１ １ｓｔ,第１５節第１日,08/17(土),19:04,札幌,1-2,東京Ｖ,1,2,2,●,札幌ド,"26,393",テレビ北海道,0
2002,Ｊ１ ２ｎｄ,第１節第１日,08/31(土),15:04,札幌,2-2,柏,2,2,0,△,札幌厚別,"14,128",ＢＳ,1
2002,Ｊ１ ２ｎｄ,第２節第１日,09/07(土),19:04,京都,1-0,札幌,1,0,1,●,西京極,"6,637",ＫＢＳ京都／テレビ北海道／ＢＳ（録）,0
2002,Ｊ１ ２ｎｄ,第３節第２日,09/15(日・祝),14:04,札幌,1-2,神戸,1,2,2,●,札幌ド,"21,517",ＮＨＫ札幌／ＢＳ－ｉ,0
2002,Ｊ１ ２ｎｄ,第４節第１日,09/18(水),19:04,横浜FM,1-0,札幌,1,0,1,●,横浜国,"12,947",ＢＳ－ｉ,0
2002,Ｊ１ ２ｎｄ,第５節第１日,09/21(土),14:04,札幌,1-2,浦和,1,2,2,●,札幌ド,"21,435",ＮＨＫ札幌／スカイパーフェクＴＶ！,0
2002,Ｊ１ ２ｎｄ,第６節第２日,09/29(日),15:05,札幌,0-1,磐田,0,1,2,●,札幌ド,"32,416",ＢＳ,0
2003,Ｊ２,第２１節第１日,07/02(水),19:04,札幌,6-2,大宮,6,2,1,〇,札幌ド,"10,209",スカイパーフェクＴＶ！,3
2003,Ｊ２,第２２節第１日,07/05(土),13:05,札幌,3-0,鳥栖,3,0,1,〇,札幌厚別,"8,041",テレビ北海道／スカイパーフェクＴＶ！,3
2003,Ｊ２,第２３節第１日,07/19(土),19:04,湘南,0-2,札幌,0,2,2,〇,平塚,"6,016",スカイパーフェクＴＶ！,3
2003,Ｊ２,第２４節第１日,07/26(土),18:04,山形,2-1,札幌,2,1,1,●,山形県,"3,882",スカイパーフェクＴＶ！,0
2003,Ｊ２,第２５節第１日,07/30(水),19:04,札幌,2-2,横浜FC,2,2,0,△,札幌厚別,"8,578",スカイパーフェクＴＶ！／Ｊスカイスポーツ（録）,1
2003,Ｊ２,第２６節第１日,08/02(土),19:04,新潟,5-1,札幌,5,1,1,●,新潟ス,"31,665",スカイパーフェクＴＶ！,0
2003,Ｊ２,第２７節第１日,08/10(日),14:03,札幌,1-1,川崎Ｆ,1,1,0,△,札幌ド,"18,087",札幌テレビ／Ｊスカイスポーツ,1
2003,Ｊ２,第２８節第１日,08/16(土),18:34,甲府,1-1,札幌,1,1,0,△,小瀬,"5,330",スカイパーフェクＴＶ！,1
2003,Ｊ２,第２９節第１日,08/23(土),13:04,札幌,1-2,福岡,1,2,2,●,函館,"5,899",Ｊスカイスポーツ,0
2003,Ｊ２,第３０節第１日,08/30(土),18:34,大宮,3-0,札幌,3,0,1,●,大宮,"4,891",スカイパーフェクＴＶ！,0
2003,Ｊ２,第３１節第１日,09/03(水),19:04,札幌,1-2,広島,1,2,2,●,札幌厚別,"7,664",スカイパーフェクＴＶ！,0
2003,Ｊ２,第３２節第１日,09/06(土),19:04,鳥栖,0-1,札幌,0,1,2,〇,鳥栖,"3,303",スカイパーフェクＴＶ！,3
2003,Ｊ２,第３３節第１日,09/13(土),14:04,札幌,1-0,水戸,1,0,1,〇,札幌厚別,"5,852",北海道放送／スカイパーフェクＴＶ！,3
2003,Ｊ２,第３４節第１日,09/20(土),13:35,札幌,0-2,甲府,0,2,2,●,札幌厚別,"8,092",北海道文化放送／スカイパーフェクＴＶ！,0
2003,Ｊ２,第３５節第１日,09/23(火・祝),18:04,福岡,1-0,札幌,1,0,1,●,博多球,"11,488",スカイパーフェクＴＶ！,0
2003,Ｊ２,第３６節第１日,09/27(土),14:05,札幌,1-2,湘南,1,2,2,●,札幌ド,"14,298",北海道放送／スカイパーフェクＴＶ！,0
2004,Ｊ２,第２１節第２日,07/04(日),13:04,札幌,0-2,京都,0,2,2,●,函館,"5,945",スカイパーフェクＴＶ！／札幌テレビ（録）,0
2004,Ｊ２,第２２節第１日,07/10(土),19:04,福岡,0-1,札幌,0,1,2,〇,博多球,"13,255",スカイパーフェクＴＶ！,3
2004,Ｊ２,第２３節第１日,07/24(土),13:35,札幌,0-0,横浜FC,0,0,0,△,札幌ド,"11,054",北海道文化放送／Ｊ　ＳＰＯＲＴＳ（録）,1
2004,Ｊ２,第２４節第１日,07/27(火),19:01,水戸,1-1,札幌,1,1,0,△,笠松,"5,894",スカイパーフェクＴＶ！（録）,1
2004,Ｊ２,第２５節第１日,07/31(土),14:03,札幌,1-2,山形,1,2,2,●,札幌厚別,"6,738",北海道テレビ／Ｊ　ＳＰＯＲＴＳ,0
2004,Ｊ２,第２６節第１日,08/08(日),19:00,湘南,1-1,札幌,1,1,0,△,平塚,"5,233",スカイパーフェクＴＶ！（録）,1
2004,Ｊ２,第２７節第１日,08/11(水),19:04,札幌,1-3,川崎Ｆ,1,3,2,●,札幌厚別,"7,352",スカイパーフェクＴＶ！／Ｊ　ＳＰＯＲＴＳ（録）,0
2004,Ｊ２,第２８節第１日,08/14(土),19:01,鳥栖,0-1,札幌,0,1,2,〇,鳥栖,"2,808",スカイパーフェクＴＶ！（録）,3
2004,Ｊ２,第２９節第１日,08/21(土),19:04,京都,4-2,札幌,4,2,1,●,西京極,"6,683",ＫＢＳ京都／スカイパーフェクＴＶ！,0
2004,Ｊ２,第３０節第１日,08/25(水),19:04,札幌,0-2,福岡,0,2,2,●,札幌厚別,"5,086",スカイパーフェクＴＶ！,0
2004,Ｊ２,第３１節第１日,08/29(日),14:04,札幌,0-2,甲府,0,2,2,●,札幌厚別,"6,728",Ｊ　ＳＰＯＲＴＳ,0
2004,Ｊ２,第３２節第１日,09/04(土),19:04,大宮,1-0,札幌,1,0,1,●,大宮,"4,090",スカイパーフェクＴＶ！,0
2004,Ｊ２,第３３節第１日,09/11(土),19:04,札幌,1-0,仙台,1,0,1,〇,札幌ド,"13,121",スカイパーフェクＴＶ！,3
2004,Ｊ２,第３４節第１日,09/18(土),19:00,山形,1-0,札幌,1,0,1,●,山形県,"6,142",スカイパーフェクＴＶ！（録）,0
2004,Ｊ２,第３５節第１日,09/23(木・祝),13:04,札幌,2-1,水戸,2,1,1,〇,札幌厚別,"6,677",ＮＨＫ札幌／スカイパーフェクＴＶ！（録）,3
2004,Ｊ２,第３６節第１日,09/26(日),14:03,横浜FC,1-1,札幌,1,1,0,△,夢の島,"2,403",Ｊ　ＳＰＯＲＴＳ（録）,1
2005,Ｊ２,第１９節第１日,07/02(土),14:03,札幌,0-2,山形,0,2,2,●,札幌厚別,"8,497",北海道テレビ／Ｊ　ＳＰＯＲＴＳ,0
2005,Ｊ２,第２０節第２日,07/09(土),13:04,札幌,3-1,甲府,3,1,1,〇,札幌厚別,"7,614",Ｊ　ＳＰＯＲＴＳ,3
2005,Ｊ２,第２１節第１日,07/13(水),19:00,鳥栖,0-1,札幌,0,1,2,〇,鳥栖,"6,951",スカイパーフェクＴＶ！（録）,3
2005,Ｊ２,第２２節第１日,07/16(土),13:04,札幌,0-1,京都,0,1,2,●,室蘭,"5,750",Ｊ　ＳＰＯＲＴＳ／ＫＢＳ京都（録）,0
2005,Ｊ２,第２３節第２日,07/30(土),19:04,徳島,1-1,札幌,1,1,0,△,鳴門,"4,012",Ｊ　ＳＰＯＲＴＳ（録）,1
2005,Ｊ２,第２４節第１日,08/02(火),19:00,札幌,1-2,横浜FC,1,2,2,●,札幌ド,"20,374",スカイパーフェクＴＶ！（録）,0
2005,Ｊ２,第２５節第１日,08/06(土),19:05,草津,1-2,札幌,1,2,2,〇,群馬陸,"6,613",群馬テレビ／スカイパーフェクＴＶ！（録）,3
2005,Ｊ２,第２６節第１日,08/13(土),14:04,札幌,2-1,仙台,2,1,1,〇,札幌厚別,"9,345",スカイパーフェクＴＶ！,3
2005,Ｊ２,第２８節第１日,08/26(金),19:02,水戸,1-0,札幌,1,0,1,●,笠松,"2,172",スカイパーフェクＴＶ！（録）,0
2005,Ｊ２,第２９節第１日,08/31(水),19:00,札幌,2-0,湘南,2,0,1,〇,札幌ド,"13,056",スカイパーフェクＴＶ！（録）,3
2005,Ｊ２,第３０節第１日,09/04(日),18:31,甲府,0-1,札幌,0,1,2,〇,小瀬,"7,753",スカイパーフェクＴＶ！（録）,3
2005,Ｊ２,第３１節第１日,09/10(土),14:04,札幌,0-3,鳥栖,0,3,2,●,札幌厚別,"8,906",Ｊ　ＳＰＯＲＴＳ,0
2005,Ｊ２,第２７節第２日,09/14(水),19:04,山形,1-0,札幌,1,0,1,●,山形県,"3,342",スカイパーフェクＴＶ！,0
2005,Ｊ２,第３２節第２日,09/18(日),14:03,札幌,1-3,福岡,1,3,2,●,札幌厚別,"7,314",ＮＨＫ札幌／スカイパーフェクＴＶ！,0
2005,Ｊ２,第３３節第２日,09/24(土),14:04,京都,4-0,札幌,4,0,1,●,西京極,"9,426",スカイパーフェクＴＶ！／ＫＢＳ京都（録）,0
2006,Ｊ２,第２５節第１日,07/01(土),19:04,湘南,2-1,札幌,2,1,1,●,平塚,"4,794",スカイパーフェクＴＶ！,0
2006,Ｊ２,第２６節第１日,07/08(土),14:05,札幌,3-1,愛媛,3,1,1,〇,札幌ド,"14,065",北海道放送／スカイパーフェクＴＶ！,3
2006,Ｊ２,第２７節第１日,07/12(水),19:04,札幌,2-1,柏,2,1,1,〇,札幌厚別,"6,943",スカイパーフェクＴＶ！,3
2006,Ｊ２,第２８節第１日,07/16(日),19:04,鳥栖,4-0,札幌,4,0,1,●,鳥栖,"6,648",スカイパーフェクＴＶ！,0
2006,Ｊ２,第２９節第１日,07/22(土),14:04,札幌,2-2,草津,2,2,0,△,札幌厚別,"6,869",スカイパーフェクＴＶ！,1
2006,Ｊ２,第３０節第１日,07/26(水),19:04,東京Ｖ,1-2,札幌,1,2,2,〇,味スタ,"5,455",スカイパーフェクＴＶ！／日本テレビ（録）,3
2006,Ｊ２,第３１節第１日,07/29(土),14:04,札幌,1-5,湘南,1,5,2,●,札幌厚別,"7,600",スカイパーフェクＴＶ！,0
2006,Ｊ２,第３２節第１日,08/06(日),18:04,徳島,0-0,札幌,0,0,0,△,鳴門,"3,360",スカイパーフェクＴＶ！,1
2006,Ｊ２,第３３節第１日,08/11(金),19:04,愛媛,1-0,札幌,1,0,1,●,愛媛陸,"3,671",スカイパーフェクＴＶ！,0
2006,Ｊ２,第３４節第１日,08/19(土),19:04,札幌,3-1,仙台,3,1,1,〇,札幌厚別,"7,489",スカイパーフェクＴＶ！,3
2006,Ｊ２,第３６節第１日,08/26(土),14:04,札幌,1-2,横浜FC,1,2,2,●,札幌厚別,"12,185",スカイパーフェクＴＶ！,0
2006,Ｊ２,第３７節第１日,09/02(土),19:04,山形,0-0,札幌,0,0,0,△,山形県,"5,906",スカイパーフェクＴＶ！,1
2006,Ｊ２,第３８節第２日,09/09(土),19:04,神戸,1-1,札幌,1,1,0,△,神戸ウイ,"9,687",スカイパーフェクＴＶ！,1
2006,Ｊ２,第３９節第１日,09/13(水),19:04,札幌,3-1,水戸,3,1,1,〇,札幌厚別,"5,364",スカイパーフェクＴＶ！,3
2006,Ｊ２,第４０節第１日,09/16(土),19:04,仙台,0-0,札幌,0,0,0,△,ユアスタ,"13,914",スカイパーフェクＴＶ！,1
2006,Ｊ２,第４１節第１日,09/23(土・祝),14:04,湘南,1-6,札幌,1,6,2,〇,平塚,"5,156",スカイパーフェクＴＶ！,3
2006,Ｊ２,第４２節第１日,09/27(水),19:04,札幌,6-0,徳島,6,0,1,〇,札幌厚別,"3,896",スカイパーフェクＴＶ！,3
2007,Ｊ２,第２６節第２日,07/07(土),14:03,札幌,1-1,山形,1,1,0,△,札幌厚別,"8,378",スカパー！（パーフェクト　チョイス）／ｅ２（スカチャン！）,1
2007,Ｊ２,第２７節第１日,07/11(水),19:03,札幌,2-1,福岡,2,1,1,〇,札幌厚別,"6,220",スカパー！（パーフェクト　チョイス）／ｅ２（スカチャン！）（録）,3
2007,Ｊ２,第２９節第１日,07/21(土),16:03,札幌,2-2,東京Ｖ,2,2,0,△,札幌厚別,"8,720",スカパー！（パーフェクト　チョイス）／ｅ２（スカチャン！）,1
2007,Ｊ２,第３０節第１日,07/25(水),19:04,仙台,0-2,札幌,0,2,2,〇,ユアスタ,"14,517",スカパー！（パーフェクト　チョイス）／ｅ２（スカチャン！）,3
2007,Ｊ２,第３１節第１日,07/28(土),16:03,札幌,1-1,鳥栖,1,1,0,△,札幌厚別,"7,496",スカパー！（パーフェクト　チョイス）／ｅ２（スカチャン！）,1
2007,Ｊ２,第３２節第２日,08/05(日),19:03,草津,0-3,札幌,0,3,2,〇,群馬陸,"5,532",スカパー！（パーフェクト　チョイス）／ｅ２（スカチャン！）／群馬テレビ,3
2007,Ｊ２,第３３節第１日,08/11(土),16:05,札幌,3-0,Ｃ大阪,3,0,1,〇,札幌ド,"17,453",スカパー！（パーフェクト　チョイス）／ｅ２（スカチャン！）,3
2007,Ｊ２,第３４節第１日,08/16(木),17:20,京都,2-3,札幌,2,3,2,〇,西京極,"5,809",スカパー！（パーフェクト　チョイス）／ｅ２（スカチャン！）／ＫＢＳ京都,3
2007,Ｊ２,第３５節第１日,08/19(日),14:04,札幌,1-2,湘南,1,2,2,●,室蘭,"6,591",スカパー！（パーフェクト　チョイス）／ｅ２（スカチャン！）,0
2007,Ｊ２,第３６節第３日,08/26(日),18:04,山形,0-1,札幌,0,1,2,〇,ＮＤスタ,"4,069",スカパー！（パーフェクト　チョイス）／ｅ２（スカチャン！）,3
2007,Ｊ２,第３７節第１日,08/30(木),19:04,水戸,2-1,札幌,2,1,1,●,笠松,"1,779",スカパー！（パーフェクト　チョイス）／ｅ２（スカチャン！）,0
2007,Ｊ２,第３８節第１日,09/02(日),14:03,札幌,1-1,愛媛,1,1,0,△,函館,"6,464",スカパー！（パーフェクト　チョイス）／ｅ２（スカチャン！）,1
2007,Ｊ２,第２８節第４日,09/05(水),19:04,徳島,3-0,札幌,3,0,1,●,鳴門大塚,"1,802",スカパー！（パーフェクト　チョイス）／ｅ２（スカチャン！）,0
2007,Ｊ２,第４０節第１日,09/15(土),14:04,札幌,0-1,仙台,0,1,2,●,札幌ド,"22,303",スカパー！（パーフェクト　チョイス）／ｅ２（スカチャン！）／ＮＨＫ札幌,0
2007,Ｊ２,第４１節第１日,09/22(土),13:03,湘南,3-0,札幌,3,0,1,●,平塚,"5,370",スカパー！（パーフェクト　チョイス）／ｅ２（スカチャン！）,0
2007,Ｊ２,第４２節第１日,09/26(水),19:03,札幌,3-0,山形,3,0,1,〇,札幌厚別,"5,940",スカパー！（パーフェクト　チョイス）／ｅ２（スカチャン！）,3
2007,Ｊ２,第４３節第２日,09/30(日),13:03,東京Ｖ,5-1,札幌,5,1,1,●,味スタ,"11,833",スカパー！（パーフェクト　チョイス）／ｅ２（スカチャン！）／日本テレビ（録）,0
2008,Ｊ１,第１５節第１日,07/05(土),14:03,札幌,2-2,清水,2,2,0,△,札幌厚別,"10,282",スカパー！（パーフェクト　チョイス）／ｅ２（スカチャン！）,1
2008,Ｊ１,第１６節第２日,07/13(日),19:03,千葉,0-3,札幌,0,3,2,〇,フクアリ,"12,494",スカパー！（パーフェクト　チョイス）／ｅ２（スカチャン！）,3
2008,Ｊ１,第１７節第１日,07/16(水),19:03,札幌,0-0,大分,0,0,0,△,札幌厚別,"9,512",スカパー！（パーフェクト　チョイス）／ｅ２（スカチャン！）,1
2008,Ｊ１,第１８節第１日,07/20(日),14:04,札幌,1-1,神戸,1,1,0,△,札幌厚別,"12,222",スカパー！（パーフェクト　チョイス）／ｅ２（スカチャン！）,1
2008,Ｊ１,第１９節第２日,07/27(日),18:03,新潟,2-1,札幌,2,1,1,●,東北電ス,"35,388",スカパー！（パーフェクト　チョイス）／ｅ２（スカチャン！）,0
2008,Ｊ１,第２０節第１日,08/09(土),16:04,札幌,1-2,大宮,1,2,2,●,札幌厚別,"9,682",スカパー！（パーフェクト　チョイス）／ｅ２（スカチャン！ＨＶ）,0
2008,Ｊ１,第２１節第２日,08/17(日),14:03,札幌,1-2,京都,1,2,2,●,札幌ド,"16,338",スカパー！（パーフェクト　チョイス）／ｅ２（スカチャン！ＨＶ）,0
2008,Ｊ１,第２２節第２日,08/24(日),18:33,横浜FM,1-0,札幌,1,0,1,●,ニッパ球,"9,583",スカパー！（パーフェクト　チョイス）／ｅ２（スカチャン！）,0
2008,Ｊ１,第２３節第１日,08/27(水),19:05,札幌,3-3,Ｇ大阪,3,3,0,△,札幌厚別,"7,010",スカパー！・ｅ２（ＴＢＳチャンネル）／ＢＳ－ｉ,1
2008,Ｊ１,第２４節第１日,09/13(土),15:03,清水,3-1,札幌,3,1,1,●,日本平,"15,395",スカパースカチャン／ｅ２スカチャン,0
2008,Ｊ１,第２５節第１日,09/20(土),14:06,札幌,2-3,千葉,2,3,2,●,札幌厚別,"9,018",スカパースカチャン／ｅ２スカチャン／ＮＨＫ札幌,0
2008,Ｊ１,第２６節第１日,09/23(火・祝),13:05,大分,3-2,札幌,3,2,1,●,鴨池,"9,376",スカパースカチャン／ｅ２スカチャンＨＤ,0
2008,Ｊ１,第２７節第２日,09/28(日),14:05,札幌,1-2,Ｆ東京,1,2,2,●,札幌厚別,"8,741",スカパースカチャン／ｅ２スカチャン／ＮＨＫ札幌,0
2009,Ｊ２,第２５節第２日,07/04(土),14:03,札幌,0-1,水戸,0,1,2,●,札幌ド,"22,707",スカパースカチャン／ｅ２スカチャン,0
2009,Ｊ２,第２６節第１日,07/08(水),19:04,愛媛,1-2,札幌,1,2,2,〇,ニンスタ,"1,744",スカパースカチャン／ｅ２スカチャン,3
2009,Ｊ２,第２７節第１日,07/11(土),14:03,札幌,0-1,熊本,0,1,2,●,札幌厚別,"6,376",スカパースカチャン／ｅ２スカチャン,0
2009,Ｊ２,第２８節第２日,07/18(土),14:03,札幌,1-2,草津,1,2,2,●,函館,"5,353",スカパースカチャン／ｅ２スカチャン,0
2009,Ｊ２,第２９節第１日,07/22(水),19:05,富山,0-0,札幌,0,0,0,△,富山,"3,008",スカパースカチャン／ｅ２スカチャン,1
2009,Ｊ２,第３０節第１日,07/25(土),14:03,札幌,4-2,岡山,4,2,1,〇,札幌厚別,"5,742",スカパースカチャン／ｅ２スカチャン,3
2009,Ｊ２,第３１節第２日,08/02(日),18:04,Ｃ大阪,3-0,札幌,3,0,1,●,長居,"16,575",スカパースカチャン／ｅ２スカチャン,0
2009,Ｊ２,第３２節第１日,08/05(水),19:03,札幌,3-0,福岡,3,0,1,〇,札幌厚別,"7,188",スカパースカチャン／ｅ２スカチャンＨＤ,3
2009,Ｊ２,第３３節第１日,08/09(日),18:03,東京Ｖ,1-2,札幌,1,2,2,〇,味スタ,"6,591",スカパースカチャン／ｅ２スカチャン／日本テレビ（録）,3
2009,Ｊ２,第３４節第２日,08/16(日),18:04,岐阜,0-2,札幌,0,2,2,〇,長良川,"4,070",スカパースカチャン／ｅ２スカチャン,3
2009,Ｊ２,第３５節第１日,08/22(土),14:04,札幌,3-3,鳥栖,3,3,0,△,札幌ド,"17,292",スカパースカチャン／ｅ２スカチャン,1
2009,Ｊ２,第３６節第２日,08/30(日),18:04,草津,2-5,札幌,2,5,2,〇,正田スタ,"3,680",スカパースカチャン／ｅ２スカチャン／群馬テレビ（録）,3
2009,Ｊ２,第３７節第１日,09/02(水),19:03,札幌,1-1,水戸,1,1,0,△,札幌厚別,"7,042",スカパースカチャン／ｅ２スカチャン,1
2009,Ｊ２,第３８節第１日,09/06(日),14:03,札幌,3-2,愛媛,3,2,1,〇,札幌厚別,"7,613",スカパースカチャン／ｅ２スカチャン,3
2009,Ｊ２,第３９節第２日,09/13(日),16:03,甲府,2-1,札幌,2,1,1,●,小瀬,"11,553",スカパースカチャン／ｅ２スカチャン,0
2009,Ｊ２,第４０節第２日,09/20(日),13:03,札幌,1-0,福岡,1,0,1,〇,室蘭,"5,824",スカパースカチャン／ｅ２スカチャン,3
2009,Ｊ２,第４１節第１日,09/23(水・祝),19:03,岡山,0-1,札幌,0,1,2,〇,岡山,"8,367",スカパースカチャン／ｅ２スカチャン,3
2009,Ｊ２,第４２節第２日,09/27(日),13:05,札幌,2-0,湘南,2,0,1,〇,札幌厚別,"8,935",スカパースカチャン／ｅ２スカチャン／ＮＨＫ札幌,3
2010,Ｊ２,第１８節第２日,07/18(日),19:03,千葉,0-3,札幌,0,3,2,〇,フクアリ,"15,716",スカパースカチャン／ｅ２スカチャン,3
2010,Ｊ２,第１９節第２日,07/25(日),16:04,札幌,1-2,横浜FC,1,2,2,●,札幌ド,"26,875",スカパースカチャン／ｅ２スカチャン／ＢＳ,0
2010,Ｊ２,第２０節第１日,07/30(金),19:33,岡山,1-0,札幌,1,0,1,●,カンスタ,"11,290",スカパースカチャン／ｅ２スカチャン,0
2010,Ｊ２,第２１節第１日,08/07(土),15:03,札幌,2-0,北九州,2,0,1,〇,札幌厚別,"6,703",スカパースカチャン／ｅ２スカチャン,3
2010,Ｊ２,第２２節第２日,08/15(日),19:33,東京Ｖ,2-1,札幌,2,1,1,●,国立,"7,405",スカパースカチャン／ｅ２スカチャン,0
2010,Ｊ２,第２３節第１日,08/21(土),13:03,札幌,0-0,栃木,0,0,0,△,札幌厚別,"6,817",スカパースカチャン／ｅ２スカチャン,1
2010,Ｊ２,第２４節第２日,08/29(日),19:04,愛媛,2-1,札幌,2,1,1,●,ニンスタ,"4,146",スカパースカチャン／ｅ２スカチャン,0
2010,Ｊ２,第２５節第１日,09/11(土),16:04,大分,1-2,札幌,1,2,2,〇,鴨池,"4,594",スカパースカチャン／ｅ２スカチャン,3
2010,Ｊ２,第２６節第２日,09/19(日),13:03,札幌,0-1,鳥栖,0,1,2,●,札幌厚別,"6,888",スカパースカチャン／ｅ２スカチャン,0
2010,Ｊ２,第２７節第１日,09/23(木・祝),19:04,柏,5-1,札幌,5,1,1,●,柏,"6,916",スカパースカチャン／ｅ２スカチャン,0
2010,Ｊ２,第２８節第１日,09/26(日),13:03,札幌,0-0,岐阜,0,0,0,△,札幌厚別,"5,429",スカパースカチャン／ｅ２スカチャン,1
2011,Ｊ２,第１９節第１日,07/02(土),18:03,栃木,1-1,札幌,1,1,0,△,栃木グ,"4,736",スカパー／ｅ２／スカパー光／とちぎテレビ,1
2011,Ｊ２,第２節第２日,07/06(水),19:03,札幌,0-0,北九州,0,0,0,△,札幌ド,"7,811",スカパー／ｅ２／スカパー光,1
2011,Ｊ２,第２０節第１日,07/09(土),14:05,札幌,3-1,愛媛,3,1,1,〇,札幌厚別,"5,350",スカパー／ｅ２／スカパー光／ＮＨＫ札幌／ひかりＴＶ,3
2011,Ｊ２,第２１節第１日,07/16(土),14:04,札幌,2-1,水戸,2,1,1,〇,札幌厚別,"4,609",スカパー／ｅ２／スカパー光／ひかりＴＶ,3
2011,Ｊ２,第２２節第１日,07/23(土),19:03,千葉,2-0,札幌,2,0,1,●,フクアリ,"10,989",スカパー／ｅ２（録）／スカパー光,0
2011,Ｊ２,第２３節第２日,07/31(日),15:03,札幌,1-0,岐阜,1,0,1,〇,札幌厚別,"8,904",スカパー／ｅ２／スカパー光,3
2011,Ｊ２,第２４節第２日,08/14(日),18:04,富山,1-2,札幌,1,2,2,〇,富山,"3,939",スカパー／ｅ２／スカパー光,3
2011,Ｊ２,第３節第４日,08/17(水),19:03,札幌,4-0,千葉,4,0,1,〇,札幌ド,"11,765",スカパー／ｅ２／スカパー光,3
2011,Ｊ２,第２５節第１日,08/21(日),13:03,札幌,2-1,京都,2,1,1,〇,函館,"6,310",スカパー／ｅ２／スカパー光／ひかりＴＶ,3
2011,Ｊ２,第２６節第１日,08/26(金),19:33,岡山,1-0,札幌,1,0,1,●,カンスタ,"6,759",スカパー／ｅ２／スカパー光／ひかりＴＶ,0
2011,Ｊ２,第４節第３日,09/03(土),18:04,水戸,1-2,札幌,1,2,2,〇,Ｋｓスタ,"2,748",スカパー／ｅ２／スカパー光,3
2011,Ｊ２,第２７節第２日,09/11(日),13:04,札幌,1-0,栃木,1,0,1,〇,札幌厚別,"10,110",スカパー／ｅ２／スカパー光／ひかりＴＶ,3
2011,Ｊ２,第２８節第１日,09/17(土),18:03,北九州,0-3,札幌,0,3,2,〇,本城,"4,693",スカパー／ｅ２（録）／スカパー光,3
2011,Ｊ２,第５節第２日,09/21(水),19:03,札幌,4-2,東京Ｖ,4,2,1,〇,札幌ド,"11,368",スカパー／ｅ２／スカパー光／ひかりＴＶ,3
2011,Ｊ２,第２９節第２日,09/24(土),13:03,札幌,0-0,徳島,0,0,0,△,札幌厚別,"10,215",スカパー／ｅ２／スカパー光,1
2012,Ｊ１,第１７節第１日,07/07(土),14:03,札幌,0-1,新潟,0,1,2,●,札幌厚別,"7,673",スカパー／ｅ２／スカパー光（スカイ・Ａ　ｓｐｏｒｔｓ＋）,0
2012,Ｊ１,第１８節第１日,07/14(土),19:05,磐田,4-1,札幌,4,1,1,●,ヤマハ,"11,367",スカパー／ｅ２／スカパー光,0
2012,Ｊ１,第１９節第１日,07/28(土),16:04,札幌,2-1,名古屋,2,1,1,〇,札幌厚別,"8,360",スカパー／ｅ２／スカパー光,3
2012,Ｊ１,第２０節第１日,08/04(土),19:04,Ｃ大阪,4-0,札幌,4,0,1,●,金鳥スタ,"8,226",スカパー／ｅ２／スカパー光,0
2012,Ｊ１,第２１節第１日,08/11(土),14:03,札幌,2-1,仙台,2,1,1,〇,札幌ド,"11,945",スカパー／ｅ２／スカパー光,3
2012,Ｊ１,第２２節第１日,08/18(土),14:03,札幌,2-4,神戸,2,4,2,●,札幌厚別,"8,117",スカパー／ｅ２／スカパー光,0
2012,Ｊ１,第２３節第１日,08/25(土),19:04,Ｇ大阪,7-2,札幌,7,2,1,●,万博,"15,056",スカパー／ｅ２／スカパー光,0
2012,Ｊ１,第２４節第１日,09/01(土),14:03,札幌,0-2,清水,0,2,2,●,札幌ド,"10,783",スカパー／ｅ２／スカパー光（スカイ・Ａ　ｓｐｏｒｔｓ＋）,0
2012,Ｊ１,第２５節第１日,09/15(土),19:04,柏,3-1,札幌,3,1,1,●,柏,"10,445",スカパー／ｅ２／スカパー光（スカイ・Ａ　ｓｐｏｒｔｓ＋）,0
2012,Ｊ１,第２６節第１日,09/22(土・祝),14:02,札幌,0-5,大宮,0,5,2,●,札幌厚別,"7,474",スカパー／ｅ２／スカパー光（スカイ・Ａ　ｓｐｏｒｔｓ＋）,0
2012,Ｊ１,第２７節第１日,09/29(土),19:04,川崎Ｆ,1-0,札幌,1,0,1,●,等々力,"20,909",スカパー／ｅ２／スカパー光,0
2013,Ｊ２,第２２節第１日,07/03(水),19:04,徳島,1-0,札幌,1,0,1,●,鳴門大塚,"1,875",スカパー！／スカパー！プレミアムサービス,0
2013,Ｊ２,第２３節第１日,07/07(日),14:03,札幌,3-0,福岡,3,0,1,〇,札幌厚別,"6,257",スカパー！／スカパー！プレミアムサービス,3
2013,Ｊ２,第２４節第１日,07/14(日),18:03,東京Ｖ,2-1,札幌,2,1,1,●,味スタ,"5,753",スカパー！／スカパー！プレミアムサービス,0
2013,Ｊ２,第２５節第１日,07/20(土),18:03,松本,2-4,札幌,2,4,2,〇,松本,"11,019",スカパー！／スカパー！プレミアムサービス,3
2013,Ｊ２,第２６節第１日,07/27(土),14:03,札幌,3-0,鳥取,3,0,1,〇,札幌ド,"12,696",スカパー！／スカパー！プレミアムサービス,3
2013,Ｊ２,第２７節第１日,08/04(日),18:04,富山,3-1,札幌,3,1,1,●,富山,"4,071",スカパー！／スカパー！プレミアムサービス,0
2013,Ｊ２,第２８節第１日,08/11(日),15:03,札幌,2-0,横浜FC,2,0,1,〇,札幌厚別,"8,756",スカパー！／スカパー！プレミアムサービス,3
2013,Ｊ２,第２９節第１日,08/18(日),18:03,Ｇ大阪,3-0,札幌,3,0,1,●,万博,"12,449",スカパー！／スカパー！プレミアムサービス,0
2013,Ｊ２,第３０節第１日,08/21(水),19:03,札幌,3-0,愛媛,3,0,1,〇,札幌厚別,"5,664",スカパー！／スカパー！プレミアムサービス,3
2013,Ｊ２,第３１節第１日,08/25(日),18:03,水戸,1-3,札幌,1,3,2,〇,Ｋｓスタ,"5,609",スカパー！／スカパー！プレミアムサービス,3
2013,Ｊ２,第３２節第１日,09/01(日),14:04,札幌,2-2,岡山,2,2,0,△,札幌厚別,"6,792",スカパー！／スカパー！プレミアムサービス,1
2013,Ｊ２,第３３節第１日,09/15(日),18:03,栃木,4-3,札幌,4,3,1,●,栃木グ,"4,340",スカパー！／スカパー！プレミアムサービス／とちぎテレビ,0
2013,Ｊ２,第３４節第１日,09/22(日),13:03,札幌,1-0,長崎,1,0,1,〇,札幌厚別,"7,618",スカパー！／スカパー！プレミアムサービス,3
2013,Ｊ２,第３５節第１日,09/29(日),15:03,熊本,2-1,札幌,2,1,1,●,うまスタ,"6,051",スカパー！／スカパー！プレミアムサービス,0
2014,Ｊ２,第２１節第１日,07/05(土),18:04,長崎,0-1,札幌,0,1,2,〇,長崎県立,"4,290",スカパー！／スカパー！プレミアムサービス,3
2014,Ｊ２,第２２節第１日,07/20(日),14:03,札幌,1-1,大分,1,1,0,△,札幌ド,"20,633",スカパー！／スカパー！プレミアムサービス,1
2014,Ｊ２,第２３節第１日,07/26(土),19:04,愛媛,2-3,札幌,2,3,2,〇,ニンスタ,"5,017",スカパー！／スカパー！プレミアムサービス,3
2014,Ｊ２,第２４節第１日,07/30(水),19:03,札幌,0-1,横浜FC,0,1,2,●,札幌ド,"13,719",スカパー！／スカパー！プレミアムサービス,0
2014,Ｊ２,第２５節第１日,08/03(日),18:03,北九州,2-0,札幌,2,0,1,●,本城,"2,493",スカパー！／スカパー！プレミアムサービス,0
2014,Ｊ２,第２６節第１日,08/10(日),14:03,札幌,0-1,京都,0,1,2,●,札幌ド,"12,212",スカパー！／スカパー！プレミアムサービス／札幌テレビ,0
2014,Ｊ２,第２７節第１日,08/17(日),18:04,山形,2-1,札幌,2,1,1,●,ＮＤスタ,"6,402",スカパー！／スカパー！プレミアムサービス,0
2014,Ｊ２,第２８節第２日,08/25(月),19:03,札幌,1-1,栃木,1,1,0,△,札幌ド,"8,797",スカパー！／スカパー！プレミアムサービス,1
2014,Ｊ２,第２９節第１日,08/31(日),19:03,熊本,0-2,札幌,0,2,2,〇,うまスタ,"5,625",スカパー！／スカパー！プレミアムサービス,3
2014,Ｊ２,第３０節第１日,09/06(土),19:03,札幌,2-1,長崎,2,1,1,〇,札幌ド,"9,123",スカパー！／スカパー！プレミアムサービス,3
2014,Ｊ２,第３１節第１日,09/14(日),19:05,岐阜,1-1,札幌,1,1,0,△,長良川,"10,580",スカパー！／スカパー！プレミアムサービス／岐阜放送,1
2014,Ｊ２,第３２節第２日,09/20(土),19:34,群馬,3-0,札幌,3,0,1,●,正田スタ,"5,597",スカパー！／スカパー！プレミアムサービス／群馬テレビ,0
2014,Ｊ２,第３３節第１日,09/23(火・祝),13:03,札幌,3-1,岡山,3,1,1,〇,札幌ド,"12,804",スカパー！／スカパー！プレミアムサービス／ＮＨＫ札幌／ＮＨＫ岡山,3
2014,Ｊ２,第３４節第１日,09/28(日),13:03,松本,1-2,札幌,1,2,2,〇,松本,"13,825",スカパー！／スカパー！プレミアムサービス／信越放送,3
2015,Ｊ２,第２１節第１日,07/04(土),18:03,横浜FC,0-0,札幌,0,0,0,△,ニッパツ,"6,422",スカパー！／スカパー！プレミアムサービス,1
2015,Ｊ２,第２２節第１日,07/08(水),19:04,札幌,2-3,大宮,2,3,2,●,札幌ド,"9,140",スカパー！／スカパー！プレミアムサービス,0
2015,Ｊ２,第２３節第１日,07/12(日),19:04,Ｃ大阪,3-1,札幌,3,1,1,●,金鳥スタ,"9,602",スカパー！／スカパー！プレミアムサービス,0
2015,Ｊ２,第２４節第１日,07/18(土),14:04,札幌,0-1,讃岐,0,1,2,●,札幌ド,"8,120",スカパー！／スカパー！プレミアムサービス,0
2015,Ｊ２,第２５節第１日,07/22(水),19:03,北九州,1-1,札幌,1,1,0,△,本城,"2,419",スカパー！／スカパー！プレミアムサービス,1
2015,Ｊ２,第２６節第１日,07/26(日),14:03,札幌,0-1,愛媛,0,1,2,●,札幌ド,"17,767",スカパー！／スカパー！プレミアムサービス,0
2015,Ｊ２,第２７節第１日,08/01(土),18:04,京都,2-0,札幌,2,0,1,●,西京極,"7,096",スカパー！／スカパー！プレミアムサービス,0
2015,Ｊ２,第２８節第１日,08/08(土),18:04,長崎,0-0,札幌,0,0,0,△,長崎県立,"8,854",スカパー！／スカパー！プレミアムサービス,1
2015,Ｊ２,第２９節第１日,08/15(土),14:03,札幌,0-0,岡山,0,0,0,△,札幌ド,"10,902",スカパー！／スカパー！プレミアムサービス／札幌テレビ,1
2015,Ｊ２,第３０節第１日,08/23(日),18:05,熊本,1-1,札幌,1,1,0,△,うまスタ,"6,532",スカパー！／スカパー！プレミアムサービス,1
2015,Ｊ２,第３１節第１日,09/12(土),13:05,札幌,2-0,横浜FC,2,0,1,〇,札幌ド,"10,840",スカパー！／スカパー！プレミアムサービス,3
2015,Ｊ２,第３２節第１日,09/20(日),13:05,福岡,2-1,札幌,2,1,1,●,レベスタ,"13,873",スカパー！／スカパー！プレミアムサービス,0
2015,Ｊ２,第３３節第１日,09/23(水・祝),13:03,札幌,1-2,岐阜,1,2,2,●,札幌厚別,"8,761",スカパー！／スカパー！プレミアムサービス,0
2015,Ｊ２,第３４節第１日,09/27(日),13:03,札幌,0-0,群馬,0,0,0,△,札幌ド,"11,570",スカパー！／スカパー！プレミアムサービス,1
2016,Ｊ２,第２１節第１日,07/03(日),14:03,札幌,5-2,横浜FC,5,2,1,〇,函館,"10,442",スカパー！／スカパー！プレミアムサービス／テレビ北海道,3
2016,Ｊ２,第２２節第１日,07/09(土),19:04,Ｃ大阪,0-0,札幌,0,0,0,△,金鳥スタ,"13,443",スカパー！／スカパー！プレミアムサービス,1
2016,Ｊ２,第２３節第１日,07/16(土),19:03,岡山,0-0,札幌,0,0,0,△,Ｃスタ,"13,304",スカパー！／スカパー！プレミアムサービス／テレビせとうち,1
2016,Ｊ２,第２４節第１日,07/20(水),19:04,札幌,1-0,松本,1,0,1,〇,札幌ド,"12,901",スカパー！／スカパー！プレミアムサービス／北海道放送（録）,3
2016,Ｊ２,第２５節第２日,07/25(月),19:03,札幌,5-0,岐阜,5,0,1,〇,札幌ド,"11,301",スカパー！／スカパー！プレミアムサービス／北海道文化放送（録）,3
2016,Ｊ２,第２６節第１日,07/31(日),19:03,山口,1-2,札幌,1,2,2,〇,維新公園,"7,510",スカパー！／スカパー！プレミアムサービス,3
2016,Ｊ２,第２７節第１日,08/07(日),14:03,札幌,3-2,清水,3,2,1,〇,札幌ド,"17,576",スカパー！／スカパー！プレミアムサービス／テレビ北海道,3
2016,Ｊ２,第２８節第１日,08/11(木・祝),18:03,横浜FC,1-0,札幌,1,0,1,●,ニッパツ,"6,843",スカパー！／スカパー！プレミアムサービス,0
2016,Ｊ２,第２９節第１日,08/14(日),13:33,札幌,3-1,山形,3,1,1,〇,札幌ド,"20,225",スカパー！／スカパー！プレミアムサービス／テレビ北海道,3
2016,Ｊ２,第３０節第１日,08/21(日),19:04,京都,0-0,札幌,0,0,0,△,西京極,"7,464",スカパー！／スカパー！プレミアムサービス,1
2016,Ｊ２,第１２節第３日,08/25(木),19:05,札幌,1-0,熊本,1,0,1,〇,札幌ド,"9,834",スカパー！／スカパー！プレミアムサービス／北海道文化放送（録）,3
2016,Ｊ２,第３１節第１日,09/11(日),12:07,札幌,3-1,群馬,3,1,1,〇,札幌厚別,"9,056",スカパー！／スカパー！プレミアムサービス／札幌テレビ,3
2016,Ｊ２,第３２節第１日,09/18(日),19:33,長崎,0-0,札幌,0,0,0,△,トラスタ,"6,615",スカパー！／スカパー！プレミアムサービス,1
2016,Ｊ２,第３３節第２日,09/26(月),19:04,札幌,3-2,町田,3,2,1,〇,札幌ド,"11,914",スカパー！／スカパー！プレミアムサービス／テレビ北海道（録）,3
2017,Ｊ１,第１７節第１日,07/01(土),14:03,札幌,1-0,清水,1,0,1,〇,札幌ド,"12,890",ＤＡＺＮ／ＮＨＫ札幌,3
2017,Ｊ１,第１８節第１日,07/08(土),19:03,大宮,2-2,札幌,2,2,0,△,ＮＡＣＫ,"11,863",ＤＡＺＮ,1
2017,Ｊ１,第１９節第１日,07/29(土),14:03,札幌,2-0,浦和,2,0,1,〇,札幌ド,"33,353",ＤＡＺＮ／北海道文化放送,3
2017,Ｊ１,第２０節第１日,08/05(土),19:04,Ｃ大阪,3-1,札幌,3,1,1,●,金鳥スタ,"14,208",ＤＡＺＮ,0
2017,Ｊ１,第２１節第１日,08/09(水),19:03,札幌,0-2,横浜FM,0,2,2,●,札幌ド,"17,350",ＤＡＺＮ,0
2017,Ｊ１,第２２節第２日,08/13(日),13:03,札幌,1-1,甲府,1,1,0,△,札幌ド,"19,561",ＤＡＺＮ／テレビ北海道,1
2017,Ｊ１,第２３節第１日,08/19(土),19:03,川崎Ｆ,2-1,札幌,2,1,1,●,等々力,"18,342",ＤＡＺＮ,0
2017,Ｊ１,第２４節第１日,08/26(土),14:02,札幌,1-0,仙台,1,0,1,〇,札幌厚別,"9,535",ＤＡＺＮ／北海道テレビ放送,3
2017,Ｊ１,第２５節第１日,09/09(土),13:03,札幌,2-1,磐田,2,1,1,〇,札幌ド,"19,063",ＤＡＺＮ／北海道文化放送,3
2017,Ｊ１,第２６節第１日,09/16(土),19:03,神戸,2-0,札幌,2,0,1,●,神戸ユ,"7,911",ＤＡＺＮ／サンテレビ／テレビ北海道,0
2017,Ｊ１,第２７節第１日,09/23(土・祝),14:03,札幌,2-2,新潟,2,2,0,△,札幌ド,"17,621",ＤＡＺＮ／ＮＨＫ札幌,1
2017,Ｊ１,第２８節第１日,09/30(土),16:03,広島,1-1,札幌,1,1,0,△,Ｅスタ,"18,065",ＤＡＺＮ,1
2018,Ｊ１,第１６節第１日,07/18(水),19:03,札幌,1-2,川崎Ｆ,1,2,2,●,札幌厚別,"10,711",ＤＡＺＮ／北海道放送,0
2018,Ｊ１,第１７節第１日,07/22(日),19:03,札幌,0-0,磐田,0,0,0,△,札幌厚別,"10,723",ＤＡＺＮ／ＮＨＫ　ＢＳ１,1
2018,Ｊ１,第１９節第１日,08/01(水),19:03,長崎,2-3,札幌,2,3,2,〇,トラスタ,"6,579",ＤＡＺＮ,3
2018,Ｊ１,第２０節第１日,08/05(日),14:03,札幌,1-2,柏,1,2,2,●,札幌ド,"26,805",ＤＡＺＮ／札幌テレビ放送,0
2018,Ｊ１,第２１節第２日,08/11(土・祝),13:03,札幌,1-1,Ｃ大阪,1,1,0,△,札幌ド,"21,614",ＤＡＺＮ／北海道文化放送,1
2018,Ｊ１,第２２節第１日,08/15(水),19:03,Ｇ大阪,1-1,札幌,1,1,0,△,吹田Ｓ,"21,203",ＤＡＺＮ,1
2018,Ｊ１,第２３節第１日,08/19(日),13:04,札幌,3-2,FC東京,3,2,1,〇,札幌ド,"18,521",ＤＡＺＮ／テレビ北海道,3
2018,Ｊ１,第２４節第２日,08/25(土),19:03,清水,1-2,札幌,1,2,2,〇,アイスタ,"13,649",ＤＡＺＮ／ＮＨＫ　ＢＳ１,3
2018,Ｊ１,第２５節第２日,09/01(土),14:04,札幌,3-1,神戸,3,1,1,〇,札幌ド,"32,475",ＤＡＺＮ／ＮＨＫ札幌,3
2018,Ｊ１,第２６節第２日,09/15(土),19:03,川崎Ｆ,7-0,札幌,7,0,1,●,等々力,"22,522",ＤＡＺＮ,0
2018,Ｊ１,第２７節第３日,09/23(日・祝),19:03,札幌,0-2,鹿島,0,2,2,●,札幌ド,"21,074",ＤＡＺＮ／北海道テレビ（録）,0
2018,Ｊ１,第２８節第１日,09/29(土),13:03,札幌,2-1,鳥栖,2,1,1,〇,札幌ド,"16,195",ＤＡＺＮ／北海道文化放送,3
2019,Ｊ１,第１８節第２日,07/07(日),14:03,札幌,1-1,松本,1,1,0,△,札幌ド,"18,663",ＤＡＺＮ／テレビ北海道,1
2019,Ｊ１,第１９節第１日,07/13(土),19:03,大分,2-1,札幌,2,1,1,●,昭和電ド,"12,384",ＤＡＺＮ,0
2019,Ｊ１,第２０節第１日,07/20(土),13:03,札幌,5-2,湘南,5,2,1,〇,札幌厚別,"9,055",ＤＡＺＮ／札幌テレビ（録）,3
2019,Ｊ１,第２１節第２日,08/03(土),19:04,広島,1-0,札幌,1,0,1,●,Ｅスタ,"12,672",ＤＡＺＮ／ＮＨＫ　ＢＳ１,0
2019,Ｊ１,第２２節第１日,08/10(土),14:05,札幌,1-1,浦和,1,1,0,△,札幌ド,"35,531",ＤＡＺＮ,1
2019,Ｊ１,第２３節第１日,08/17(土),18:03,清水,0-8,札幌,0,8,2,〇,アイスタ,"14,340",ＤＡＺＮ,3
2019,Ｊ１,第２４節第２日,08/24(土),13:03,札幌,1-1,FC東京,1,1,0,△,札幌ド,"19,454",ＤＡＺＮ／北海道テレビ,1
2019,Ｊ１,第２５節第２日,08/31(土),19:04,神戸,2-3,札幌,2,3,2,〇,ノエスタ,"20,825",ＤＡＺＮ,3
2019,Ｊ１,第２６節第２日,09/14(土),14:03,札幌,1-3,仙台,1,3,2,●,札幌厚別,"11,254",ＤＡＺＮ／ＮＨＫ札幌,0
2019,Ｊ１,第２７節第１日,09/28(土),15:06,鹿島,1-1,札幌,1,1,0,△,カシマ,"19,314",ＤＡＺＮ,1
2020,Ｊ１,第２節第１日,07/04(土),18:03,横浜FC,1-2,札幌,1,2,2,〇,ニッパツ,0,ＤＡＺＮ,3
2020,Ｊ１,第３節第１日,07/08(水),19:03,鹿島,0-2,札幌,0,2,2,〇,カシマ,0,ＤＡＺＮ／ＮＨＫ水戸,3
2020,Ｊ１,第４節第２日,07/12(日),19:03,湘南,0-0,札幌,0,0,0,△,ＢＭＷス,"3,327",ＤＡＺＮ,1
2020,Ｊ１,第５節第１日,07/18(土),18:03,仙台,2-2,札幌,2,2,0,△,ユアスタ,"2,597",ＤＡＺＮ,1
2020,Ｊ１,第６節第１日,07/22(水),19:08,札幌,1-1,FC東京,1,1,0,△,札幌ド,"3,151",ＤＡＺＮ／北海道放送,1
2020,Ｊ１,第７節第１日,07/26(日),13:08,札幌,3-1,横浜FM,3,1,1,〇,札幌ド,"3,305",ＤＡＺＮ／ＮＨＫ札幌,3
2020,Ｊ１,第８節第２日,08/02(日),14:03,札幌,2-3,神戸,2,3,2,●,札幌ド,"4,675",ＤＡＺＮ／札幌テレビ,0
2020,Ｊ１,第９節第１日,08/08(土),18:03,清水,3-1,札幌,3,1,1,●,アイスタ,"3,981",ＤＡＺＮ,0
2020,Ｊ１,第１０節第１日,08/15(土),14:03,札幌,1-6,川崎Ｆ,1,6,2,●,札幌ド,"4,601",ＤＡＺＮ／札幌テレビ,0
2020,Ｊ１,第１１節第１日,08/19(水),19:33,札幌,1-1,大分,1,1,0,△,札幌厚別,"2,039",ＤＡＺＮ,1
2020,Ｊ１,第２９節第１日,08/26(水),19:33,横浜FM,4-1,札幌,4,1,1,●,日産ス,"4,181",ＤＡＺＮ,0
2020,Ｊ１,第１３節第１日,08/29(土),19:03,札幌,0-0,名古屋,0,0,0,△,札幌ド,"3,479",ＤＡＺＮ／ＮＨＫ　ＢＳ１,1
2020,Ｊ１,第１４節第１日,09/05(土),14:05,札幌,0-2,広島,0,2,2,●,札幌厚別,"2,104",ＤＡＺＮ,0
2020,Ｊ１,第１５節第１日,09/09(水),19:33,Ｃ大阪,2-0,札幌,2,0,1,●,ヤンマー,"3,140",ＤＡＺＮ,0
2020,Ｊ１,第１６節第２日,09/13(日),13:08,札幌,3-4,浦和,3,4,2,●,札幌ド,"4,449",ＤＡＺＮ／ＮＨＫ札幌,0
2020,Ｊ１,第１２節第３日,09/16(水),19:33,鳥栖,0-2,札幌,0,2,2,〇,駅スタ,"2,592",ＤＡＺＮ,3
2020,Ｊ１,第１７節第１日,09/19(土),14:03,札幌,0-1,Ｇ大阪,0,1,2,●,札幌厚別,"2,749",ＤＡＺＮ,0
2020,Ｊ１,第１８節第１日,09/23(水),18:33,札幌,0-1,柏,0,1,2,●,札幌ド,"3,002",ＤＡＺＮ／北海道放送,0
2020,Ｊ１,第１９節第１日,09/26(土),19:03,神戸,4-0,札幌,4,0,1,●,ノエスタ,"5,335",ＤＡＺＮ,0
2021,Ｊ１,第２１節第４日,07/04(日),13:08,札幌,1-0,徳島,1,0,1,〇,札幌厚別,"4,444",ＤＡＺＮ／ＮＨＫ札幌／ＮＨＫ徳島,3
2021,Ｊ１,第２２節第２日,07/10(土),19:03,仙台,1-1,札幌,1,1,0,△,ユアスタ,"7,885",ＤＡＺＮ,1
2021,Ｊ１,第４節第３日,07/30(金),18:03,札幌,0-2,Ｇ大阪,0,2,2,●,札幌厚別,"3,845",ＤＡＺＮ,0
2021,Ｊ１,第２３節第１日,08/09(月・休),15:03,札幌,2-1,浦和,2,1,1,〇,札幌ド,"8,330",ＤＡＺＮ,3
2021,Ｊ１,第２４節第２日,08/14(土),14:03,札幌,3-2,FC東京,3,2,1,〇,札幌ド,"7,437",ＤＡＺＮ／札幌テレビ,3
2021,Ｊ１,第２５節第１日,08/21(土),19:03,大分,1-1,札幌,1,1,0,△,昭和電ド,"5,188",ＤＡＺＮ,1
2021,Ｊ１,第２６節第１日,08/25(水),19:03,札幌,0-2,名古屋,0,2,2,●,札幌厚別,"3,106",ＤＡＺＮ,0
2021,Ｊ１,第２７節第１日,08/28(土),14:01,札幌,0-2,川崎Ｆ,0,2,2,●,札幌ド,"5,610",ＤＡＺＮ／北海道文化放送,0
2021,Ｊ１,第１９節第４日,09/08(水),19:03,札幌,0-3,Ｃ大阪,0,3,2,●,札幌厚別,"3,201",ＤＡＺＮ／札幌テレビ（録）,0
