年度,大会,節,試合日,K/O時刻,ホーム,スコア,アウェイ,ホームスコア,アウェイスコア,結果,札幌の結果は？,スタジアム,入場者数,インターネット中継・TV放送,points
1998,Ｊ１ １ｓｔ,第１節第１日,03/21(土・祝),15:04,清水,4-1,札幌,4,1,1,●,日本平,"12,436",,0
1998,Ｊ１ １ｓｔ,第２節第１日,03/25(水),19:02,札幌,1-3,鹿島,1,3,2,●,仙台,"14,682",,0
1998,Ｊ１ １ｓｔ,第３節第１日,03/28(土),15:04,柏,1-1,札幌,1,1,0,△,柏,"6,340",,1
1998,Ｊ１ １ｓｔ,第４節第１日,04/04(土),13:05,札幌,1-0,Ｇ大阪,1,0,1,〇,室蘭,"8,169",,3
1998,Ｊ１ １ｓｔ,第５節第１日,04/11(土),15:00,横浜M,4-0,札幌,4,0,1,●,三ツ沢,"9,214",,0
1998,Ｊ１ １ｓｔ,第６節第１日,04/15(水),19:00,札幌,2-0,浦和,2,0,1,〇,仙台,"12,171",,3
1998,Ｊ１ １ｓｔ,第７節第１日,04/18(土),14:03,名古屋,2-1,札幌,2,1,1,●,瑞穂陸,"8,173",,0
1998,Ｊ１ １ｓｔ,第８節第１日,04/25(土),14:04,札幌,3-3,平塚,3,3,0,△,室蘭,"11,518",,1
1998,Ｊ１ １ｓｔ,第９節第１日,04/29(水・祝),14:03,磐田,4-0,札幌,4,0,1,●,磐田,"13,846",,0
1998,Ｊ１ １ｓｔ,第１０節第１日,05/02(土),13:04,札幌,1-3,Ｖ川崎,1,3,2,●,室蘭,"6,079",,0
1998,Ｊ１ １ｓｔ,第１１節第１日,05/05(火・祝),15:04,神戸,2-3,札幌,2,3,2,〇,神戸ユ,"6,004",,3
1998,Ｊ１ １ｓｔ,第１２節第１日,05/09(土),13:02,札幌,3-2,市原,3,2,1,〇,室蘭,"5,118",,3
1998,Ｊ１ ２ｎｄ,第９節第１日,10/03(土),14:05,札幌,0-2,横浜M,0,2,2,●,札幌,"19,251",,0
1998,Ｊ１ ２ｎｄ,第１０節第１日,10/14(水),19:03,浦和,2-1,札幌,2,1,1,●,駒場,"17,580",,0
1998,Ｊ１ ２ｎｄ,第１１節第１日,10/17(土),13:04,札幌,3-2,名古屋,3,2,1,〇,札幌,"10,052",,3
1998,Ｊ１ ２ｎｄ,第１２節第１日,10/21(水),19:00,平塚,2-2,札幌,2,2,0,△,平塚,"4,381",,1
1998,Ｊ１ ２ｎｄ,第１３節第１日,10/24(土),14:05,札幌,1-6,磐田,1,6,2,●,札幌,"19,739",,0
1998,Ｊ１ ２ｎｄ,第１４節第１日,10/31(土),15:03,Ｖ川崎,1-2,札幌,1,2,2,〇,等々力,"6,263",,3
1998,Ｊ１ ２ｎｄ,第１５節第１日,11/03(火・祝),14:03,札幌,3-0,神戸,3,0,1,〇,札幌,"12,154",,3
1998,Ｊ１ ２ｎｄ,第１６節第１日,11/07(土),15:04,市原,1-3,札幌,1,3,2,〇,市原,"3,287",,3
1998,Ｊ１ ２ｎｄ,第１７節第１日,11/14(土),15:00,札幌,1-4,横浜Ｆ,1,4,2,●,札幌,"15,172",,0
1999,Ｊ２,第１節第１日,03/14(日),13:01,大分,1-0,札幌,1,0,1,●,大分,"3,741",大分放送,0
1999,Ｊ２,第２節第２日,03/21(日・祝),14:03,大宮,1-2,札幌,1,2,2,〇,大宮,"5,609",テレビ埼玉（録）,3
1999,Ｊ２,第３節第１日,03/28(日),12:33,札幌,2-3,鳥栖,2,3,2,●,室蘭,"6,204",北海道文化放送,0
1999,Ｊ２,第４節第１日,04/04(日),14:00,仙台,1-1,札幌,1,1,0,△,仙台,"13,569",東日本放送,1
1999,Ｊ２,第５節第２日,04/11(日),12:34,札幌,0-1,新潟,0,1,2,●,室蘭,"4,588",北海道文化放送,0
1999,Ｊ２,第６節第２日,04/18(日),14:00,川崎Ｆ,2-0,札幌,2,0,1,●,等々力,"5,058",,0
1999,Ｊ２,第７節第２日,04/25(日),13:32,札幌,3-2,山形,3,2,1,〇,室蘭,"4,317",札幌テレビ放送,3
1999,Ｊ２,第８節第２日,04/29(木・祝),13:01,Ｆ東京,2-1,札幌,2,1,1,●,西が丘,"6,148",東京メトロポリタンテレビ,0
1999,Ｊ２,第９節第１日,05/02(日),13:02,札幌,6-0,甲府,6,0,1,〇,札幌,"15,318",北海道放送,3
1999,Ｊ２,第１０節第１日,05/05(水・祝),13:04,札幌,1-0,大宮,1,0,1,〇,札幌,"7,235",ＮＨＫ札幌,3
1999,Ｊ２,第１１節第１日,05/09(日),13:01,鳥栖,2-2,札幌,2,2,0,△,鳥栖,"5,797",,1
1999,Ｊ２,第１２節第１日,05/16(日),12:34,札幌,3-0,仙台,3,0,1,〇,札幌,"10,307",北海道文化放送,3
1999,Ｊ２,第１３節第１日,05/22(土),13:03,新潟,0-1,札幌,0,1,2,〇,新潟,"8,849",,3
1999,Ｊ２,第１４節第１日,05/29(土),14:04,札幌,1-1,川崎Ｆ,1,1,0,△,札幌,"11,274",北海道放送,1
1999,Ｊ２,第１５節第２日,06/27(日),14:05,山形,1-1,札幌,1,1,0,△,山形県,"2,350",山形テレビ,1
1999,Ｊ２,第２９節第１日,10/02(土),18:00,大分,2-0,札幌,2,0,1,●,大分,"3,933",テレビ大分（録）,0
1999,Ｊ２,第３０節第１日,10/11(月・休),15:01,札幌,2-0,山形,2,0,1,〇,札幌,"9,457",北海道テレビ放送,3
1999,Ｊ２,第３１節第２日,10/17(日),13:01,Ｆ東京,0-1,札幌,0,1,2,〇,江戸川,"4,605",東京メトロポリタンテレビ（録）,3
1999,Ｊ２,第３２節第１日,10/24(日),13:03,札幌,1-0,鳥栖,1,0,1,〇,札幌,"9,363",テレビ北海道,3
1999,Ｊ２,第３３節第２日,10/31(日),12:31,札幌,1-2,川崎Ｆ,1,2,2,●,札幌,"13,738",ＮＨＫ札幌放送局,0
1999,Ｊ２,第３４節第２日,11/06(土),15:01,甲府,0-3,札幌,0,3,2,〇,小瀬,"2,676",,3
1999,Ｊ２,第３５節第２日,11/14(日),13:36,札幌,0-1,大宮,0,1,2,●,札幌,"13,536",札幌テレビ放送,0
1999,Ｊ２,第３６節第１日,11/21(日),13:00,仙台,1-0,札幌,1,0,1,●,仙台,"16,535",,0
2000,Ｊ２,第１節第２日,03/12(日),13:03,鳥栖,0-4,札幌,0,4,2,〇,鳥栖,"3,800",スカイパーフェクＴＶ！,3
2000,Ｊ２,第２節第２日,03/20(月・祝),13:04,甲府,0-3,札幌,0,3,2,〇,小瀬,"3,231",スカイパーフェクＴＶ！,3
2000,Ｊ２,第４節第１日,03/30(木),14:00,札幌,3-0,新潟,3,0,1,〇,室蘭,"3,162",北海道テレビ／スカイパーフェクＴＶ！,3
2000,Ｊ２,第５節第１日,04/02(日),13:33,仙台,1-2,札幌,1,2,2,〇,仙台,"6,308",ミヤギテレビ／スカイパーフェクＴＶ！（録）,3
2000,Ｊ２,第７節第１日,04/15(土),18:01,大分,0-0,札幌,0,0,0,△,大分,"3,741",テレビ大分（録）／スカイパーフェクＴＶ！,1
2000,Ｊ２,第８節第２日,04/23(日),12:34,札幌,0-2,山形,0,2,2,●,函館,"11,272",北海道文化放送／Ｊスカイスポーツ（録）,0
2000,Ｊ２,第９節第３日,04/30(日),14:00,水戸,0-2,札幌,0,2,2,〇,ひたちな,"3,715",Ｊスカイスポーツ（録）,3
2000,Ｊ２,第１０節第２日,05/04(木・祝),14:04,札幌,2-1,湘南,2,1,1,〇,札幌,"19,450",北海道放送／Ｊスカイスポーツ（録）,3
2000,Ｊ２,第１１節第２日,05/08(月),19:00,大宮,0-2,札幌,0,2,2,〇,大宮,"3,706",スカイパーフェクＴＶ！（１２１ｃｈ）（録）,3
2000,Ｊ２,第１２節第２日,05/14(日),13:02,札幌,2-0,鳥栖,2,0,1,〇,札幌,"10,513",テレビ北海道／スカイパーフェクＴＶ！（１２１ｃｈ）（録）,3
2000,Ｊ２,第１３節第１日,05/18(木),19:00,札幌,2-1,甲府,2,1,1,〇,札幌,"8,539",Ｊスカイスポーツ（録）,3
2000,Ｊ２,第１５節第２日,05/27(土),13:03,新潟,0-1,札幌,0,1,2,〇,新潟,"5,076",新潟テレビ２１／Ｊスカイスポーツ（録）,3
2000,Ｊ２,第１６節第１日,06/01(木),19:30,札幌,3-1,仙台,3,1,1,〇,札幌,"8,622",スカイパーフェクＴＶ！（１２１ｃｈ）（録）,3
2000,Ｊ２,第１７節第１日,06/04(日),18:04,浦和,0-1,札幌,0,1,2,〇,駒場,"19,222",テレビ埼玉／Ｊスカイスポーツ,3
2000,Ｊ２,第１８節第１日,06/10(土),13:30,札幌,2-1,大分,2,1,1,〇,札幌,"12,389",ＮＨＫ札幌／Ｊスカイスポーツ（録）,3
2000,Ｊ２,第１９節第１日,06/17(土),18:01,山形,0-1,札幌,0,1,2,〇,山形県,"4,251",Ｊスカイスポーツ（録）,3
2000,Ｊ２,第２０節第１日,06/21(水),19:00,札幌,3-0,水戸,3,0,1,〇,札幌,"11,356",Ｊスカイスポーツ（録）,3
2000,Ｊ２,第２１節第２日,06/25(日),14:00,湘南,1-2,札幌,1,2,2,〇,平塚,"6,006",Ｊスカイスポーツ（録）,3
2000,Ｊ２,第３６節第１日,10/01(日),15:00,札幌,2-1,大分,2,1,1,〇,札幌,"14,815",北海道文化放送／Ｊスカイスポーツ（録）,3
2000,Ｊ２,第３７節第３日,10/08(日),14:04,山形,0-0,札幌,0,0,0,△,山形県,"3,397",山形放送／スカイパーフェクＴＶ！（１２１ｃｈ）（録）,1
2000,Ｊ２,第３８節第２日,10/15(日),14:04,札幌,5-0,水戸,5,0,1,〇,札幌,"17,823",北海道放送／Ｊスカイスポーツ,3
2000,Ｊ２,第３９節第１日,10/21(土),19:02,湘南,0-3,札幌,0,3,2,〇,平塚,"7,428",テレビ北海道／スカイパーフェクＴＶ！（１２１ｃｈ）,3
2000,Ｊ２,第４０節第２日,10/29(日),12:03,札幌,2-0,大宮,2,0,1,〇,札幌,"19,863",札幌テレビ／スカイパーフェクＴＶ！（１２１ｃｈ）,3
2000,Ｊ２,第４１節第１日,11/05(日),16:01,鳥栖,2-0,札幌,2,0,1,●,鳥栖,"6,107",サガテレビ（録）／Ｊスカイスポーツ（録）,0
2000,Ｊ２,第４２節第３日,11/12(日),13:03,札幌,1-1,甲府,1,1,0,△,札幌,"12,515",テレビ北海道／スカイパーフェクＴＶ！（１２１ｃｈ）（録）,1
2000,Ｊ２,第４４節第１日,11/19(日),13:04,新潟,1-2,札幌,1,2,2,〇,新潟,"4,368",ＮＨＫ新潟／Ｊスカイスポーツ（録）,3
2001,Ｊ１ １ｓｔ,第１節第１日,03/10(土),14:01,Ｃ大阪,1-2,札幌,1,2,2,〇,長居,"11,359",ＢＳ（録）,3
2001,Ｊ１ １ｓｔ,第２節第１日,03/17(土),14:00,札幌,2-1,柏,2,1,1,〇,高知陸,"6,276",ＢＳ（録）／高知放送,3
2001,Ｊ１ １ｓｔ,第３節第１日,03/31(土),15:04,広島,1-0,札幌,1,0,1,●,広島ビ,"6,694",広島ホームテレビ／スカイパーフェクＴＶ！（録）,0
2001,Ｊ１ １ｓｔ,第４節第１日,04/07(土),14:04,札幌,2-0,東京Ｖ,2,0,1,〇,室蘭,"9,289",ＢＳ（録）／ＮＨＫ札幌,3
2001,Ｊ１ １ｓｔ,第５節第１日,04/14(土),17:04,神戸,0-0,札幌,0,0,0,△,神戸ユ,"11,742",ＢＳ,1
2001,Ｊ１ １ｓｔ,第６節第１日,04/29(日・祝),13:02,札幌,1-0,Ｇ大阪,1,0,1,〇,函館,"15,288",札幌テレビ／スカイパーフェクＴＶ！,3
2001,Ｊ１ １ｓｔ,第７節第１日,05/03(木・祝),16:01,清水,5-2,札幌,5,2,1,●,日本平,"18,664",ＢＳ／テレビ静岡,0
2001,Ｊ１ １ｓｔ,第８節第１日,05/06(日),13:04,Ｆ東京,2-1,札幌,2,1,1,●,丸亀,"6,142",東京メトロポリタンテレビ／Ｊスカイスポーツ,0
2001,Ｊ１ １ｓｔ,第９節第１日,05/12(土),14:06,札幌,2-1,鹿島,2,1,1,〇,札幌厚別,"19,920",ＢＳ／北海道テレビ,3
2001,Ｊ１ １ｓｔ,第１０節第１日,05/19(土),15:04,磐田,2-1,札幌,2,1,1,●,磐田,"12,979",静岡放送／Ｊスカイスポーツ,0
2001,Ｊ１ １ｓｔ,第１１節第１日,06/16(土),14:04,札幌,2-2,名古屋,2,2,0,△,札幌厚別,"19,525",北海道放送／Ｊスカイスポーツ,1
2001,Ｊ１ １ｓｔ,第１２節第１日,06/23(土),19:04,浦和,2-0,札幌,2,0,1,●,駒場,"19,277",テレビ埼玉／ＢＳ－ｉ,0
2001,Ｊ１ ２ｎｄ,第８節第１日,10/13(土),15:02,東京Ｖ,0-1,札幌,0,1,2,〇,東京,"10,803",日本テレビ（録）,3
2001,Ｊ１ ２ｎｄ,第９節第１日,10/17(水),19:01,札幌,4-2,広島,4,2,1,〇,札幌厚別,"12,443",ＮＨＫ札幌（録）,3
2001,Ｊ１ ２ｎｄ,第１０節第１日,10/20(土),14:04,札幌,1-2,磐田,1,2,2,●,札幌厚別,"18,917",ＢＳ（録）／ＮＨＫ札幌,0
2001,Ｊ１ ２ｎｄ,第１１節第１日,10/31(水),19:03,名古屋,2-0,札幌,2,0,1,●,瑞穂陸,"8,714",東海テレビ（録）／Ｊスカイスポーツ,0
2001,Ｊ１ ２ｎｄ,第１２節第１日,11/03(土・祝),19:03,札幌,1-1,浦和,1,1,0,△,札幌ド,"38,639",テレビ北海道／ＢＳ,1
2001,Ｊ１ ２ｎｄ,第１３節第１日,11/10(土),16:04,市原,2-0,札幌,2,0,1,●,市原,"4,473",ＢＳ,0
2001,Ｊ１ ２ｎｄ,第１４節第１日,11/17(土),19:04,柏,1-0,札幌,1,0,1,●,柏,"10,819",千葉テレビ／スカイパーフェクＴＶ！,0
2001,Ｊ１ ２ｎｄ,第１５節第１日,11/24(土),14:00,札幌,0-1,Ｃ大阪,0,1,2,●,札幌ド,"39,156",札幌テレビ,0
2002,Ｊ１ １ｓｔ,第１節第２日,03/03(日),15:04,広島,5-1,札幌,5,1,1,●,広島ビ,"11,299",ＮＨＫ広島／Ｊスカイスポーツ,0
2002,Ｊ１ １ｓｔ,第２節第１日,03/09(土),13:00,札幌,0-1,仙台,0,1,2,●,高知陸,"7,236",札幌テレビ／スカイパーフェクＴＶ！／高知放送（録）,0
2002,Ｊ１ １ｓｔ,第３節第２日,03/17(日),15:03,磐田,4-0,札幌,4,0,1,●,磐田,"13,268",静岡放送／北海道放送／ＢＳ－ｉ,0
2002,Ｊ１ １ｓｔ,第４節第１日,03/31(日),16:04,名古屋,0-3,札幌,0,3,2,〇,瑞穂陸,"11,279",ＢＳ,3
2002,Ｊ１ １ｓｔ,第５節第１日,04/06(土),19:04,柏,4-1,札幌,4,1,1,●,柏,"9,161",ＢＳ,0
2002,Ｊ１ １ｓｔ,第６節第１日,04/13(土),14:06,札幌,1-2,京都,1,2,2,●,室蘭,"10,203",ＢＳ／ＫＢＳ京都（録）,0
2002,Ｊ１ １ｓｔ,第７節第１日,04/20(土),14:06,札幌,1-3,鹿島,1,3,2,●,函館,"14,128",ＢＳ,0
2002,Ｊ１ ２ｎｄ,第７節第１日,10/05(土),15:04,清水,3-0,札幌,3,0,1,●,日本平,"14,119",テレビ静岡／Ｊスカイスポーツ,0
2002,Ｊ１ ２ｎｄ,第８節第１日,10/12(土),14:00,札幌,0-4,Ｆ東京,0,4,2,●,札幌厚別,"11,921",北海道テレビ／スカイパーフェクＴＶ！／東京メトロポリタンテレビ（録）,0
2002,Ｊ１ ２ｎｄ,第９節第１日,10/19(土),15:04,Ｇ大阪,1-0,札幌,1,0,1,●,万博,"5,677",ＢＳ,0
2002,Ｊ１ ２ｎｄ,第１０節第１日,10/23(水),18:59,札幌,1-0,市原,1,0,1,〇,札幌ド,"14,295",ＮＨＫ札幌（録）／ＢＳ－ｉ（録）,3
2002,Ｊ１ ２ｎｄ,第１１節第２日,10/27(日),15:34,鹿島,3-2,札幌,3,2,1,●,カシマ,"17,428",ＢＳ,0
2002,Ｊ１ ２ｎｄ,第１２節第１日,11/09(土),14:03,東京Ｖ,3-2,札幌,3,2,1,●,東京,"10,943",札幌テレビ／Ｊスカイスポーツ／日本テレビ（録）,0
2002,Ｊ１ ２ｎｄ,第１３節第２日,11/17(日),14:04,札幌,1-0,名古屋,1,0,1,〇,札幌ド,"21,759",ＮＨＫ札幌／ＮＨＫ名古屋／ＢＳ－ｉ,3
2002,Ｊ１ ２ｎｄ,第１４節第１日,11/23(土・祝),14:00,仙台,2-0,札幌,2,0,1,●,仙台,"19,424",ＮＨＫ仙台／スカイパーフェクＴＶ！,0
2002,Ｊ１ ２ｎｄ,第１５節第１日,11/30(土),14:03,札幌,5-4,広島,5,4,1,〇,札幌ド,"22,131",札幌テレビ／ＮＨＫ広島／ＢＳ,3
2003,Ｊ２,第１節第１日,03/15(土),14:03,札幌,1-3,横浜FC,1,3,2,●,札幌ド,"23,590",ＮＨＫ札幌／Ｊスカイスポーツ,0
2003,Ｊ２,第２節第２日,03/22(土),14:04,山形,2-3,札幌,2,3,2,〇,山形県,"5,875",スカイパーフェクＴＶ！／Ｊスカイスポーツ（録）,3
2003,Ｊ２,第３節第１日,03/29(土),14:04,札幌,2-4,水戸,2,4,2,●,札幌ド,"13,198",札幌テレビ／スカイパーフェクＴＶ！,0
2003,Ｊ２,第４節第１日,04/05(土),14:04,新潟,0-1,札幌,0,1,2,〇,新潟陸,"10,674",ＮＨＫ新潟／スカイパーフェクＴＶ！／ＮＨＫ札幌（録）／Ｊスカイスポーツ（録）,3
2003,Ｊ２,第５節第１日,04/09(水),19:04,大宮,1-1,札幌,1,1,0,△,大宮,"3,106",Ｊスカイスポーツ,1
2003,Ｊ２,第６節第１日,04/12(土),13:04,札幌,5-0,福岡,5,0,1,〇,室蘭,"5,674",スカイパーフェクＴＶ！,3
2003,Ｊ２,第７節第１日,04/19(土),14:04,甲府,2-1,札幌,2,1,1,●,小瀬,"4,875",スカイパーフェクＴＶ！,0
2003,Ｊ２,第８節第１日,04/26(土),14:04,札幌,0-2,広島,0,2,2,●,札幌ド,"15,920",北海道テレビ／スカイパーフェクＴＶ！／Ｊスカイスポーツ（録）,0
2003,Ｊ２,第９節第１日,04/29(火・祝),13:04,鳥栖,1-0,札幌,1,0,1,●,鳥栖,"3,315",スカイパーフェクＴＶ！,0
2003,Ｊ２,第１０節第２日,05/05(月・祝),14:04,札幌,0-0,川崎Ｆ,0,0,0,△,札幌厚別,"12,190",北海道放送／スカイパーフェクＴＶ！,1
2003,Ｊ２,第１１節第１日,05/10(土),15:04,湘南,0-2,札幌,0,2,2,〇,平塚,"5,599",スカイパーフェクＴＶ！,3
2003,Ｊ２,第１２節第１日,05/14(水),19:04,横浜FC,0-0,札幌,0,0,0,△,三ツ沢,"2,514",スカイパーフェクＴＶ！,1
2003,Ｊ２,第１３節第１日,05/17(土),13:34,札幌,1-0,山形,1,0,1,〇,札幌厚別,"8,521",北海道文化放送／スカイパーフェクＴＶ！,3
2003,Ｊ２,第１４節第１日,05/24(土),14:04,水戸,1-1,札幌,1,1,0,△,水戸,"4,072",スカイパーフェクＴＶ！,1
2003,Ｊ２,第１５節第１日,05/31(土),14:04,札幌,2-0,新潟,2,0,1,〇,札幌ド,"14,248",北海道放送／スカイパーフェクＴＶ！,3
2003,Ｊ２,第１６節第１日,06/06(金),19:04,川崎Ｆ,1-0,札幌,1,0,1,●,等々力,"6,505",スカイパーフェクＴＶ！,0
2003,Ｊ２,第１７節第１日,06/14(土),14:03,札幌,1-1,湘南,1,1,0,△,札幌厚別,"8,086",ＮＨＫ札幌／スカイパーフェクＴＶ！,1
2003,Ｊ２,第１８節第１日,06/18(水),19:04,広島,1-1,札幌,1,1,0,△,広島ス,"3,932",スカイパーフェクＴＶ！,1
2003,Ｊ２,第１９節第１日,06/21(土),15:04,札幌,3-3,甲府,3,3,0,△,札幌ド,"13,177",スカイパーフェクＴＶ！,1
2003,Ｊ２,第２０節第１日,06/28(土),19:04,福岡,0-0,札幌,0,0,0,△,博多球,"6,300",Ｊスカイスポーツ,1
2003,Ｊ２,第３７節第１日,10/04(土),14:04,広島,1-0,札幌,1,0,1,●,広島ビ,"11,608",テレビ新広島／スカイパーフェクＴＶ！,0
2003,Ｊ２,第３８節第１日,10/11(土),13:05,札幌,4-1,鳥栖,4,1,1,〇,札幌厚別,"6,508",テレビ北海道／スカイパーフェクＴＶ！,3
2003,Ｊ２,第３９節第２日,10/18(土),14:04,川崎Ｆ,1-0,札幌,1,0,1,●,等々力,"7,119",スカイパーフェクＴＶ！／Ｊ　ＳＰＯＲＴＳ（録）,0
2003,Ｊ２,第４０節第１日,10/25(土),13:03,札幌,0-1,大宮,0,1,2,●,室蘭,"3,653",北海道テレビ／スカイパーフェクＴＶ！,0
2003,Ｊ２,第４１節第１日,11/01(土),13:03,札幌,2-2,新潟,2,2,0,△,札幌厚別,"7,544",ＮＨＫ札幌／ＮＨＫ新潟／スカイパーフェクＴＶ！,1
2003,Ｊ２,第４２節第２日,11/09(日),14:01,水戸,0-0,札幌,0,0,0,△,笠松,"2,674",スカイパーフェクＴＶ！（録）,1
2003,Ｊ２,第４３節第２日,11/16(日),13:04,札幌,4-1,山形,4,1,1,〇,札幌ド,"17,832",スカイパーフェクＴＶ！,3
2003,Ｊ２,第４４節第１日,11/23(日・祝),13:01,横浜FC,2-0,札幌,2,0,1,●,横浜国,"8,005",Ｊ　ＳＰＯＲＴＳ（録）,0
2004,Ｊ２,第１節第１日,03/13(土),14:04,札幌,2-2,甲府,2,2,0,△,札幌ド,"18,308",ＮＨＫ札幌／スカイパーフェクＴＶ！,1
2004,Ｊ２,第２節第１日,03/20(土・祝),14:04,大宮,0-0,札幌,0,0,0,△,埼玉,"8,009",スカイパーフェクＴＶ！,1
2004,Ｊ２,第３節第１日,03/27(土),14:04,札幌,1-0,仙台,1,0,1,〇,札幌ド,"14,279",北海道放送／Ｊ　ＳＰＯＲＴＳ／東北放送（録）,3
2004,Ｊ２,第４節第１日,04/03(土),14:04,湘南,1-1,札幌,1,1,0,△,平塚,"6,025",スカイパーフェクＴＶ！,1
2004,Ｊ２,第５節第１日,04/10(土),13:35,札幌,0-1,山形,0,1,2,●,室蘭,"5,534",北海道文化放送／さくらんぼテレビ／スカイパーフェクＴＶ！（録）,0
2004,Ｊ２,第６節第１日,04/17(土),14:03,札幌,1-1,横浜FC,1,1,0,△,札幌ド,"12,824",北海道テレビ／スカイパーフェクＴＶ！,1
2004,Ｊ２,第７節第２日,04/25(日),14:02,水戸,2-1,札幌,2,1,1,●,笠松,"3,551",スカイパーフェクＴＶ！（録）,0
2004,Ｊ２,第８節第１日,04/29(木・祝),18:04,京都,2-0,札幌,2,0,1,●,西京極,"9,174",ＫＢＳ京都／スカイパーフェクＴＶ！,0
2004,Ｊ２,第９節第１日,05/02(日),14:05,札幌,1-2,福岡,1,2,2,●,札幌厚別,"10,073",テレビ北海道／スカイパーフェクＴＶ！,0
2004,Ｊ２,第１０節第１日,05/05(水・祝),15:33,札幌,0-2,川崎Ｆ,0,2,2,●,札幌厚別,"9,403",ＮＨＫ札幌／Ｊ　ＳＰＯＲＴＳ（録）,0
2004,Ｊ２,第１１節第１日,05/09(日),13:04,鳥栖,2-1,札幌,2,1,1,●,鳥栖,"2,921",Ｊ　ＳＰＯＲＴＳ,0
2004,Ｊ２,第１２節第１日,05/15(土),14:04,横浜FC,2-1,札幌,2,1,1,●,三ツ沢,"3,504",スカイパーフェクＴＶ！,0
2004,Ｊ２,第１３節第１日,05/19(水),19:04,札幌,1-2,水戸,1,2,2,●,札幌厚別,"6,086",札幌テレビ（録）／スカイパーフェクＴＶ！,0
2004,Ｊ２,第１４節第１日,05/22(土),14:04,山形,2-1,札幌,2,1,1,●,山形県,"4,162",スカイパーフェクＴＶ！,0
2004,Ｊ２,第１５節第１日,05/29(土),14:03,札幌,1-1,湘南,1,1,0,△,札幌ド,"11,443",札幌テレビ／スカイパーフェクＴＶ！,1
2004,Ｊ２,第１６節第１日,06/05(土),14:04,仙台,1-1,札幌,1,1,0,△,仙台,"17,382",東日本放送／Ｊ　ＳＰＯＲＴＳ,1
2004,Ｊ２,第１７節第１日,06/12(土),14:04,札幌,1-2,大宮,1,2,2,●,札幌厚別,"7,656",スカイパーフェクＴＶ！／札幌テレビ（録）,0
2004,Ｊ２,第１８節第１日,06/19(土),14:04,甲府,2-1,札幌,2,1,1,●,小瀬,"10,121",スカイパーフェクＴＶ！／Ｊ　ＳＰＯＲＴＳ（録）,0
2004,Ｊ２,第１９節第１日,06/23(水),19:04,川崎Ｆ,6-0,札幌,6,0,1,●,等々力,"8,054",スカイパーフェクＴＶ！,0
2004,Ｊ２,第２０節第２日,06/27(日),14:03,札幌,1-2,鳥栖,1,2,2,●,札幌厚別,"7,526",札幌テレビ／スカイパーフェクＴＶ！（録）,0
2004,Ｊ２,第３７節第１日,10/02(土),14:04,札幌,0-0,京都,0,0,0,△,札幌厚別,"5,682",北海道放送／スカイパーフェクＴＶ！／ＫＢＳ京都（録）,1
2004,Ｊ２,第３８節第２日,10/16(土),14:00,福岡,1-0,札幌,1,0,1,●,博多球,"8,411",スカイパーフェクＴＶ！（録）,0
2004,Ｊ２,第３９節第１日,10/23(土),13:05,札幌,0-0,湘南,0,0,0,△,札幌厚別,"5,061",テレビ北海道／Ｊ　ＳＰＯＲＴＳ（録）,1
2004,Ｊ２,第４０節第１日,10/30(土),14:04,仙台,1-1,札幌,1,1,0,△,仙台,"12,023",東北放送／スカイパーフェクＴＶ！,1
2004,Ｊ２,第４１節第１日,11/06(土),14:03,札幌,1-1,鳥栖,1,1,0,△,札幌ド,"11,792",ＮＨＫ札幌／スカイパーフェクＴＶ！（録）,1
2004,Ｊ２,第４２節第１日,11/20(土),14:00,川崎Ｆ,2-0,札幌,2,0,1,●,等々力,"7,151",Ｊ　ＳＰＯＲＴＳ（録）,0
2004,Ｊ２,第４３節第１日,11/23(火・祝),13:02,札幌,0-1,大宮,0,1,2,●,札幌ド,"19,873",テレビ埼玉／Ｊ　ＳＰＯＲＴＳ,0
2004,Ｊ２,第４４節第１日,11/27(土),14:00,甲府,0-0,札幌,0,0,0,△,小瀬,"7,146",山梨放送／スカイパーフェクＴＶ！（録）,1
2005,Ｊ２,第１節第１日,03/05(土),14:05,甲府,2-2,札幌,2,2,0,△,小瀬,"6,640",山梨放送／スカイパーフェクＴＶ！,1
2005,Ｊ２,第２節第２日,03/13(日),13:04,札幌,0-1,鳥栖,0,1,2,●,札幌ド,"17,607",ＮＨＫ札幌／スカイパーフェクＴＶ！（録）,0
2005,Ｊ２,第３節第１日,03/19(土),14:04,草津,1-4,札幌,1,4,2,〇,群馬サ,"3,572",スカイパーフェクＴＶ！／群馬テレビ（録）,3
2005,Ｊ２,第４節第１日,03/26(土),14:04,札幌,0-3,仙台,0,3,2,●,札幌ド,"12,127",スカイパーフェクＴＶ！,0
2005,Ｊ２,第５節第２日,04/03(日),14:00,水戸,2-0,札幌,2,0,1,●,笠松,"3,351",ＮＨＫ水戸＊／スカイパーフェクＴＶ！（録）,0
2005,Ｊ２,第６節第１日,04/09(土),14:00,札幌,0-0,湘南,0,0,0,△,札幌ド,"10,939",札幌テレビ／スカイパーフェクＴＶ！（録）,1
2005,Ｊ２,第７節第２日,04/16(土),14:04,京都,0-0,札幌,0,0,0,△,鴨池,"7,437",スカイパーフェクＴＶ！／ＫＢＳ京都（録）,1
2005,Ｊ２,第８節第１日,04/23(土),13:04,札幌,1-1,福岡,1,1,0,△,札幌ド,"9,767",北海道放送／Ｊ　ＳＰＯＲＴＳ,1
2005,Ｊ２,第９節第１日,04/30(土),14:04,徳島,1-1,札幌,1,1,0,△,鳴門,"5,689",ＮＨＫ徳島／Ｊ　ＳＰＯＲＴＳ（録）,1
2005,Ｊ２,第１０節第２日,05/04(水・祝),14:03,札幌,1-0,横浜FC,1,0,1,〇,札幌ド,"14,229",北海道テレビ／スカイパーフェクＴＶ！,3
2005,Ｊ２,第１１節第１日,05/07(土),14:04,山形,3-0,札幌,3,0,1,●,山形県,"4,528",スカイパーフェクＴＶ！,0
2005,Ｊ２,第１２節第１日,05/14(土),14:04,札幌,2-0,水戸,2,0,1,〇,札幌厚別,"6,807",北海道文化放送／スカイパーフェクＴＶ！（録）,3
2005,Ｊ２,第１３節第１日,05/21(土),14:00,湘南,0-3,札幌,0,3,2,〇,平塚,"5,220",スカイパーフェクＴＶ！（録）,3
2005,Ｊ２,第１４節第２日,05/28(土),13:05,札幌,3-1,草津,3,1,1,〇,札幌厚別,"7,693",テレビ北海道／スカイパーフェクＴＶ！,3
2005,Ｊ２,第１５節第２日,06/04(土),14:04,仙台,4-0,札幌,4,0,1,●,仙台,"13,754",ミヤギテレビ／スカイパーフェクＴＶ！,0
2005,Ｊ２,第１６節第１日,06/11(土),14:00,札幌,0-0,徳島,0,0,0,△,札幌ド,"12,675",スカイパーフェクＴＶ！（録）,1
2005,Ｊ２,第１７節第１日,06/18(土),14:04,福岡,0-3,札幌,0,3,2,〇,博多球,"8,830",スカイパーフェクＴＶ！,3
2005,Ｊ２,第１８節第２日,06/25(土),14:04,横浜FC,1-2,札幌,1,2,2,〇,日産ス,"12,849",スカイパーフェクＴＶ！,3
2005,Ｊ２,第３４節第２日,10/01(土),13:05,札幌,2-0,徳島,2,0,1,〇,札幌厚別,"5,323",テレビ北海道／スカイパーフェクＴＶ！,3
2005,Ｊ２,第３５節第１日,10/05(水),19:01,横浜FC,1-1,札幌,1,1,0,△,西が丘,"4,331",スカイパーフェクＴＶ！（録）,1
2005,Ｊ２,第３６節第１日,10/15(土),14:00,湘南,0-0,札幌,0,0,0,△,平塚,"5,510",Ｊ　ＳＰＯＲＴＳ（録）,1
2005,Ｊ２,第３７節第１日,10/22(土),13:04,札幌,3-1,山形,3,1,1,〇,函館,"4,959",北海道文化放送／Ｊ　ＳＰＯＲＴＳ,3
2005,Ｊ２,第３８節第１日,10/29(土),14:04,仙台,2-2,札幌,2,2,0,△,仙台,"15,028",ＮＨＫ仙台／ＮＨＫ札幌／スカイパーフェクＴＶ！（録）,1
2005,Ｊ２,第３９節第１日,11/06(日),18:01,札幌,1-1,水戸,1,1,0,△,札幌ド,"14,604",Ｊ　ＳＰＯＲＴＳ（録）,1
2005,Ｊ２,第４０節第１日,11/13(日),19:04,福岡,3-0,札幌,3,0,1,●,博多球,"9,269",Ｊ　ＳＰＯＲＴＳ／ＲＫＢ毎日放送（録）,0
2005,Ｊ２,第４１節第１日,11/19(土),14:03,札幌,3-3,京都,3,3,0,△,札幌ド,"14,654",札幌テレビ／ＫＢＳ京都（録）／スカイパーフェクＴＶ！（録）,1
2005,Ｊ２,第４２節第１日,11/23(水・祝),13:04,札幌,2-4,甲府,2,4,2,●,札幌ド,"17,608",Ｊ　ＳＰＯＲＴＳ,0
2005,Ｊ２,第４３節第１日,11/26(土),13:05,鳥栖,0-2,札幌,0,2,2,〇,鳥栖,"8,107",ＮＨＫ佐賀／スカイパーフェクＴＶ！（録）,3
2005,Ｊ２,第４４節第１日,12/03(土),14:00,札幌,2-1,草津,2,1,1,〇,札幌ド,"15,087",ＮＨＫ札幌（録）／スカイパーフェクＴＶ！（録）,3
2006,Ｊ２,第１節第１日,03/04(土),14:04,鳥栖,0-1,札幌,0,1,2,〇,鳥栖,"15,572",スカイパーフェクＴＶ！,3
2006,Ｊ２,第２節第１日,03/11(土),14:04,札幌,0-1,水戸,0,1,2,●,札幌ド,"16,858",ＮＨＫ札幌／ＮＨＫ水戸＊／スカイパーフェクＴＶ！,0
2006,Ｊ２,第３節第１日,03/18(土),14:04,山形,0-1,札幌,0,1,2,〇,山形県,"6,149",スカイパーフェクＴＶ！,3
2006,Ｊ２,第４節第１日,03/21(火・祝),14:03,愛媛,2-1,札幌,2,1,1,●,愛媛陸,"4,214",あいテレビ／スカイパーフェクＴＶ！／北海道放送（録）,0
2006,Ｊ２,第５節第１日,03/25(土),13:04,札幌,0-1,横浜FC,0,1,2,●,室蘭,"5,065",スカイパーフェクＴＶ！,0
2006,Ｊ２,第７節第１日,04/05(水),19:04,札幌,3-0,草津,3,0,1,〇,札幌ド,"12,654",スカイパーフェクＴＶ！,3
2006,Ｊ２,第８節第１日,04/08(土),15:04,神戸,1-2,札幌,1,2,2,〇,神戸ウイ,"8,233",スカイパーフェクＴＶ！,3
2006,Ｊ２,第９節第１日,04/15(土),13:03,札幌,4-1,湘南,4,1,1,〇,札幌ド,"14,102",北海道テレビ／スカイパーフェクＴＶ！,3
2006,Ｊ２,第１０節第１日,04/18(火),19:04,徳島,0-0,札幌,0,0,0,△,鳴門,"2,221",スカイパーフェクＴＶ！,1
2006,Ｊ２,第１１節第１日,04/22(土),13:04,札幌,1-2,柏,1,2,2,●,函館,"6,608",スカイパーフェクＴＶ！,0
2006,Ｊ２,第１２節第１日,04/29(土・祝),13:04,東京Ｖ,2-0,札幌,2,0,1,●,西が丘,"4,239",スカイパーフェクＴＶ！／日本テレビ（録）／札幌テレビ（録）,0
2006,Ｊ２,第１３節第１日,05/03(水・祝),14:04,札幌,1-1,仙台,1,1,0,△,札幌厚別,"11,319",スカイパーフェクＴＶ！,1
2006,Ｊ２,第１４節第１日,05/06(土),14:03,水戸,3-1,札幌,3,1,1,●,笠松,"3,268",ＮＨＫ水戸＊／スカイパーフェクＴＶ！,0
2006,Ｊ２,第１５節第１日,05/14(日),14:05,札幌,1-6,神戸,1,6,2,●,札幌厚別,"6,903",テレビ北海道／スカイパーフェクＴＶ！,0
2006,Ｊ２,第１６節第１日,05/17(水),19:04,札幌,2-2,鳥栖,2,2,0,△,札幌ド,"10,124",スカイパーフェクＴＶ！,1
2006,Ｊ２,第１８節第１日,05/27(土),14:04,柏,2-1,札幌,2,1,1,●,柏,"8,594",スカイパーフェクＴＶ！／千葉テレビ（録）,0
2006,Ｊ２,第１９節第２日,06/03(土),14:04,札幌,2-2,山形,2,2,0,△,札幌ド,"12,425",ＮＨＫ札幌／スカイパーフェクＴＶ！,1
2006,Ｊ２,第２０節第１日,06/07(水),19:04,草津,2-2,札幌,2,2,0,△,群馬陸,"2,116",群馬テレビ／スカイパーフェクＴＶ！,1
2006,Ｊ２,第２１節第１日,06/10(土),14:04,札幌,4-2,徳島,4,2,1,〇,札幌ド,"11,828",スカイパーフェクＴＶ！,3
2006,Ｊ２,第２２節第１日,06/17(土),14:04,仙台,0-2,札幌,0,2,2,〇,ユアスタ,"13,162",ミヤギテレビ／スカイパーフェクＴＶ！,3
2006,Ｊ２,第２３節第１日,06/21(水),19:04,横浜FC,1-2,札幌,1,2,2,〇,三ツ沢,"3,479",スカイパーフェクＴＶ！,3
2006,Ｊ２,第２４節第１日,06/24(土),14:04,札幌,4-0,東京Ｖ,4,0,1,〇,札幌厚別,"8,494",北海道文化放送／スカイパーフェクＴＶ！,3
2006,Ｊ２,第４４節第１日,10/14(土),14:04,札幌,1-1,山形,1,1,0,△,札幌厚別,"6,366",北海道文化放送／スカイパーフェクＴＶ！,1
2006,Ｊ２,第４５節第１日,10/18(水),19:04,横浜FC,3-0,札幌,3,0,1,●,三ツ沢,"5,011",スカイパーフェクＴＶ！,0
2006,Ｊ２,第４６節第１日,10/21(土),19:05,札幌,1-4,神戸,1,4,2,●,札幌ド,"18,547",スカイパーフェクＴＶ！,0
2006,Ｊ２,第４７節第３日,10/29(日),14:04,草津,0-2,札幌,0,2,2,〇,群馬陸,"4,219",スカイパーフェクＴＶ！／群馬テレビ（録）,3
2006,Ｊ２,第４８節第１日,11/11(土),14:04,札幌,1-1,愛媛,1,1,0,△,札幌ド,"13,493",ＮＨＫ札幌／スカイパーフェクＴＶ！,1
2006,Ｊ２,第４９節第１日,11/18(土),14:04,水戸,0-1,札幌,0,1,2,〇,笠松,"3,526",ＮＨＫ水戸＊／スカイパーフェクＴＶ！,3
2006,Ｊ２,第５０節第１日,11/23(木・祝),13:05,札幌,2-0,東京Ｖ,2,0,1,〇,札幌ド,"17,930",スカイパーフェクＴＶ！,3
2006,Ｊ２,第５１節第１日,11/26(日),16:04,柏,2-3,札幌,2,3,2,〇,柏,"11,471",スカイパーフェクＴＶ！／千葉テレビ（録）,3
2006,Ｊ２,第５２節第１日,12/02(土),14:04,札幌,0-2,鳥栖,0,2,2,●,札幌ド,"14,349",スカイパーフェクＴＶ！,0
2007,Ｊ２,第１節第１日,03/03(土),16:05,京都,2-0,札幌,2,0,1,●,西京極,"7,788",スカパー！（パーフェクト　チョイス）／ｅ２（スカチャン！）（録）／ＫＢＳ京都（録）,0
2007,Ｊ２,第２節第１日,03/10(土),14:04,札幌,1-0,鳥栖,1,0,1,〇,札幌ド,"13,568",スカパー！（パーフェクト　チョイス）／ｅ２（スカチャン！）（録）／ＮＨＫ札幌,3
2007,Ｊ２,第３節第１日,03/17(土),13:04,徳島,0-3,札幌,0,3,2,〇,鳴門,"3,167",スカパー！（パーフェクト　チョイス）／ｅ２（スカチャン！）,3
2007,Ｊ２,第４節第１日,03/21(水・祝),16:03,札幌,0-0,湘南,0,0,0,△,札幌ド,"13,279",スカパー！（パーフェクト　チョイス）／ｅ２（スカチャン！）,1
2007,Ｊ２,第５節第１日,03/25(日),13:04,山形,0-1,札幌,0,1,2,〇,ＮＤスタ,"3,932",スカパー！（パーフェクト　チョイス）／ｅ２（スカチャン！）,3
2007,Ｊ２,第６節第１日,03/31(土),13:03,札幌,1-0,Ｃ大阪,1,0,1,〇,室蘭,"4,990",スカパー！（パーフェクト　チョイス）／ｅ２（スカチャン！）,3
2007,Ｊ２,第７節第２日,04/08(日),16:05,仙台,1-1,札幌,1,1,0,△,ユアスタ,"16,493",スカパー！（パーフェクト　チョイス）／ｅ２（スカチャン！）（録）,1
2007,Ｊ２,第８節第１日,04/11(水),19:04,札幌,0-0,福岡,0,0,0,△,西が丘,"2,161",スカパー！（パーフェクト　チョイス）／ｅ２（スカチャン！）,1
2007,Ｊ２,第９節第２日,04/15(日),14:04,水戸,0-2,札幌,0,2,2,〇,笠松,"2,385",スカパー！（パーフェクト　チョイス）／ｅ２（スカチャン！）（録）／ＮＨＫ水戸＊,3
2007,Ｊ２,第１０節第２日,04/22(日),13:04,札幌,4-3,東京Ｖ,4,3,1,〇,札幌ド,"18,385",スカパー！（パーフェクト　チョイス）／ｅ２（スカチャン！）（録）／北海道放送,3
2007,Ｊ２,第１２節第１日,04/28(土),14:03,札幌,1-0,愛媛,1,0,1,〇,札幌ド,"13,781",スカパー！（パーフェクト　チョイス）／ｅ２（スカチャン！）（録）／北海道テレビ,3
2007,Ｊ２,第１３節第１日,05/03(木・祝),13:03,草津,2-1,札幌,2,1,1,●,群馬陸,"5,051",スカパー！（パーフェクト　チョイス）／ｅ２（スカチャン！）（録）／群馬テレビ（録）,0
2007,Ｊ２,第１４節第１日,05/06(日),13:04,札幌,1-0,仙台,1,0,1,〇,札幌厚別,"12,070",スカパー！（パーフェクト　チョイス）／ｅ２（スカチャン！）（録）,3
2007,Ｊ２,第１５節第２日,05/13(日),16:03,Ｃ大阪,0-1,札幌,0,1,2,〇,長居２,"6,272",スカパー！（パーフェクト　チョイス）／ｅ２（スカチャン！）（録）,3
2007,Ｊ２,第１６節第１日,05/19(土),13:04,札幌,3-0,水戸,3,0,1,〇,札幌ド,"15,251",スカパー！（パーフェクト　チョイス）／ｅ２（スカチャン！）（録）／テレビ北海道,3
2007,Ｊ２,第１７節第１日,05/23(水),19:03,湘南,1-2,札幌,1,2,2,〇,平塚,"3,872",スカパー！（パーフェクト　チョイス）／ｅ２（スカチャン！）（録）,3
2007,Ｊ２,第１８節第２日,05/27(日),13:03,福岡,1-2,札幌,1,2,2,〇,博多球,"7,445",スカパー！（パーフェクト　チョイス）／ｅ２（スカチャン！）,3
2007,Ｊ２,第１９節第１日,06/02(土),14:03,札幌,2-0,京都,2,0,1,〇,札幌厚別,"8,370",スカパー！（パーフェクト　チョイス）／ｅ２（スカチャン！）（録）／ＮＨＫ札幌,3
2007,Ｊ２,第２０節第２日,06/10(日),13:03,鳥栖,0-1,札幌,0,1,2,〇,鳥栖,"9,617",スカパー！（パーフェクト　チョイス）／ｅ２（スカチャン！）／ＮＨＫ佐賀,3
2007,Ｊ２,第２１節第１日,06/13(水),19:04,愛媛,2-1,札幌,2,1,1,●,愛媛陸,"2,079",スカパー！（パーフェクト　チョイス）／ｅ２（スカチャン！）（録）,0
2007,Ｊ２,第２２節第１日,06/16(土),14:03,札幌,1-1,徳島,1,1,0,△,札幌厚別,"8,103",スカパー！（パーフェクト　チョイス）／ｅ２（スカチャン！）（録）／札幌テレビ,1
2007,Ｊ２,第２３節第２日,06/24(日),13:03,東京Ｖ,0-1,札幌,0,1,2,〇,味スタ,"12,903",スカパー！（パーフェクト　チョイス）／ｅ２（スカチャン！）／日本テレビ（録）,3
2007,Ｊ２,第２４節第１日,06/27(水),19:04,札幌,2-2,草津,2,2,0,△,札幌ド,"13,458",スカパー！（パーフェクト　チョイス）／ｅ２（スカチャン！）（録）,1
2007,Ｊ２,第４４節第１日,10/10(水),19:04,Ｃ大阪,1-0,札幌,1,0,1,●,長居,"5,578",スカパー！（パーフェクト　チョイス）／ｅ２（スカチャン！）,0
2007,Ｊ２,第４５節第１日,10/13(土),13:34,札幌,2-1,草津,2,1,1,〇,札幌厚別,"6,273",スカパー！（パーフェクト　チョイス）／ｅ２（スカチャン！）／北海道文化放送,3
2007,Ｊ２,第４６節第１日,10/20(土),14:04,福岡,0-1,札幌,0,1,2,〇,博多球,"14,666",スカパー！（パーフェクト　チョイス）／ｅ２（スカチャン！）（録）／ＮＨＫ福岡,3
2007,Ｊ２,第４７節第１日,10/24(水),19:03,札幌,1-0,徳島,1,0,1,〇,札幌ド,"10,733",スカパー！（パーフェクト　チョイス）／ｅ２（スカチャン！）,3
2007,Ｊ２,第４８節第１日,10/27(土),19:04,愛媛,0-1,札幌,0,1,2,〇,愛媛陸,"4,079",スカパー！（パーフェクト　チョイス）／ｅ２（スカチャン！）／ＮＨＫ松山（録）,3
2007,Ｊ２,第４９節第２日,11/11(日),13:03,鳥栖,1-0,札幌,1,0,1,●,鳥栖,"7,680",スカパー！（パーフェクト　チョイス）／ｅ２（スカチャン！）／ＮＨＫ札幌,0
2007,Ｊ２,第５０節第１日,11/18(日),14:04,札幌,2-2,京都,2,2,0,△,札幌ド,"32,599",スカパー！（パーフェクト　チョイス）／ｅ２（スカチャン！）録／ＮＨＫ札幌／ＮＨＫ京都（録）,1
2007,Ｊ２,第５２節第１日,12/01(土),12:04,札幌,2-1,水戸,2,1,1,〇,札幌ド,"28,090",スカパー！（パーフェクト　チョイス）／ｅ２（スカチャン！ＨＶ）／札幌テレビ,3
2008,Ｊ１,第１節第１日,03/08(土),16:03,鹿島,4-0,札幌,4,0,1,●,カシマ,"28,152",スカパー！（パーフェクト　チョイス）／ｅ２（スカチャン！ＨＶ）,0
2008,Ｊ１,第２節第１日,03/15(土),16:05,札幌,1-2,横浜FM,1,2,2,●,札幌ド,"25,225",スカパー！（パーフェクト　チョイス）／ｅ２（スカチャン！ＨＶ）／北海道放送,0
2008,Ｊ１,第３節第１日,03/30(日),16:01,柏,1-2,札幌,1,2,2,〇,柏,"10,048",スカパー！・ｅ２（Ｊ　ｓｐｏｒｔｓ　Ｐｌｕｓ）／千葉テレビ（録）,3
2008,Ｊ１,第４節第１日,04/02(水),19:03,札幌,0-2,川崎Ｆ,0,2,2,●,札幌ド,"14,377",スカパー！（パーフェクト　チョイス）／ｅ２（スカチャン！）,0
2008,Ｊ１,第５節第１日,04/05(土),14:04,Ｆ東京,1-0,札幌,1,0,1,●,味スタ,"20,180",スカパー！（パーフェクト　チョイス）／ｅ２（スカチャン！）／ＢＳ／ＴＯＫＹＯ　ＭＸ,0
2008,Ｊ１,第６節第１日,04/12(土),13:34,札幌,2-1,磐田,2,1,1,〇,札幌ド,"15,240",スカパー！（パーフェクト　チョイス）／ｅ２（スカチャン！）／北海道文化放送,3
2008,Ｊ１,第７節第１日,04/19(土),16:05,神戸,1-1,札幌,1,1,0,△,ホムスタ,"11,126",スカパー！・ｅ２（ＴＢＳチャンネル）／ＢＳ－ｉ,1
2008,Ｊ１,第８節第１日,04/26(土),13:33,札幌,0-1,新潟,0,1,2,●,札幌ド,"13,055",スカパー！（パーフェクト　チョイス）／ｅ２（スカチャン！）／札幌テレビ,0
2008,Ｊ１,第９節第１日,04/29(火・祝),16:00,浦和,4-2,札幌,4,2,1,●,埼玉,"48,031",スカパー！（パーフェクト　チョイス）／ｅ２（スカチャン！ＨＶ）／テレ玉,0
2008,Ｊ１,第１０節第１日,05/03(土・祝),13:04,京都,1-0,札幌,1,0,1,●,西京極,"12,467",スカパー！（パーフェクト　チョイス）／ｅ２（スカチャン！）／ＫＢＳ京都（録）,0
2008,Ｊ１,第１１節第１日,05/06(火・休),13:05,札幌,1-3,東京Ｖ,1,3,2,●,札幌ド,"16,508",スカパー！（パーフェクト　チョイス）／ｅ２（スカチャン！）／ＮＨＫ札幌,0
2008,Ｊ１,第１２節第１日,05/10(土),16:00,大宮,1-2,札幌,1,2,2,〇,ＮＡＣＫ,"6,399",スカパー！・ｅ２（Ｊ　ｓｐｏｒｔｓ　Ｐｌｕｓ）／テレ玉（録）,3
2008,Ｊ１,第１３節第１日,05/17(土),13:04,札幌,1-3,名古屋,1,3,2,●,札幌ド,"16,631",スカパー！（パーフェクト　チョイス）／ｅ２（スカチャン！）／テレビ北海道,0
2008,Ｊ１,第１４節第２日,06/29(日),19:00,Ｇ大阪,4-2,札幌,4,2,1,●,万博,"14,039",スカパー！・ｅ２（Ｊ　ｓｐｏｒｔｓ　Ｐｌｕｓ）,0
2008,Ｊ１,第２８節第２日,10/05(日),14:04,磐田,5-0,札幌,5,0,1,●,ヤマハ,"10,984",スカパー（スカチャンＨＤ、スカチャン）／ｅ２スカチャン／静岡放送,0
2008,Ｊ１,第２９節第２日,10/19(日),13:03,札幌,0-2,柏,0,2,2,●,札幌厚別,"8,343",スカパー（スカチャンＨＤ、スカチャン）／ｅ２スカチャンＨＤ,0
2008,Ｊ１,第３０節第２日,10/26(日),16:03,川崎Ｆ,3-1,札幌,3,1,1,●,等々力,"16,145",スカパー（スカチャンＨＤ、スカチャン）／ｅ２スカチャンＨＤ,0
2008,Ｊ１,第３１節第１日,11/08(土),14:04,札幌,1-2,浦和,1,2,2,●,札幌ド,"28,901",スカパー（スカチャンＨＤ、スカチャン）／ｅ２スカチャンＨＤ／ＢＳ,0
2008,Ｊ１,第３２節第１日,11/23(日・祝),16:03,東京Ｖ,1-1,札幌,1,1,0,△,味スタ,"9,201",スカパー（スカチャンＨＤ、スカチャン）／ｅ２スカチャン／日本テレビ（録）,1
2008,Ｊ１,第３３節第２日,11/30(日),16:04,名古屋,3-1,札幌,3,1,1,●,瑞穂陸,"19,890",スカパー（スカチャンＨＤ、スカチャン）／ｅ２スカチャン／ＢＳ,0
2008,Ｊ１,第３４節第１日,12/06(土),14:33,札幌,0-1,鹿島,0,1,2,●,札幌ド,"26,220",スカパー（スカチャンＨＤ、スカチャン）／ｅ２スカチャンＨＤ／ＮＨＫ総合,0
2009,Ｊ２,第１節第２日,03/08(日),14:03,札幌,0-1,仙台,0,1,2,●,札幌ド,"21,908",スカパースカチャン／ｅ２スカチャン／ＮＨＫ札幌／ＮＨＫ仙台,0
2009,Ｊ２,第２節第２日,03/15(日),13:04,鳥栖,1-2,札幌,1,2,2,〇,ベアスタ,"6,572",スカパースカチャン／ｅ２スカチャン／ＮＨＫ佐賀,3
2009,Ｊ２,第３節第２日,03/22(日),14:03,甲府,2-1,札幌,2,1,1,●,小瀬,"11,252",スカパースカチャン／ｅ２スカチャン／ＮＨＫ甲府,0
2009,Ｊ２,第４節第１日,03/25(水),19:04,札幌,0-1,湘南,0,1,2,●,札幌ド,"10,786",スカパースカチャン／ｅ２スカチャンＨＤ,0
2009,Ｊ２,第５節第１日,03/29(日),12:04,岡山,1-1,札幌,1,1,0,△,岡山,"5,435",スカパースカチャン／ｅ２スカチャン／岡山放送,1
2009,Ｊ２,第６節第２日,04/05(日),13:03,熊本,4-0,札幌,4,0,1,●,熊本,"4,653",スカパースカチャン／ｅ２スカチャン,0
2009,Ｊ２,第７節第３日,04/12(日),16:03,札幌,1-1,富山,1,1,0,△,札幌ド,"10,579",スカパースカチャン／ｅ２スカチャン,1
2009,Ｊ２,第８節第１日,04/15(水),19:33,草津,1-2,札幌,1,2,2,〇,正田スタ,"2,338",スカパースカチャン／ｅ２スカチャン／群馬テレビ,3
2009,Ｊ２,第９節第２日,04/19(日),13:03,札幌,4-1,Ｃ大阪,4,1,1,〇,札幌ド,"11,035",スカパースカチャン／ｅ２スカチャン／北海道文化放送,3
2009,Ｊ２,第１０節第２日,04/26(日),16:03,横浜FC,0-1,札幌,0,1,2,〇,ニッパ球,"5,489",スカパースカチャン／ｅ２スカチャン,3
2009,Ｊ２,第１１節第１日,04/29(水・祝),16:03,札幌,3-2,愛媛,3,2,1,〇,札幌ド,"11,242",スカパースカチャン／ｅ２スカチャン,3
2009,Ｊ２,第１２節第１日,05/02(土),19:03,福岡,0-0,札幌,0,0,0,△,レベスタ,"8,552",スカパースカチャン／ｅ２スカチャン,1
2009,Ｊ２,第１３節第１日,05/05(火・祝),16:03,札幌,3-2,栃木,3,2,1,〇,札幌ド,"15,696",スカパースカチャン／ｅ２スカチャン,3
2009,Ｊ２,第１４節第２日,05/10(日),16:04,徳島,3-3,札幌,3,3,0,△,鳴門大塚,"3,319",スカパースカチャン／ｅ２スカチャン,1
2009,Ｊ２,第１５節第１日,05/16(土),14:04,札幌,3-0,岐阜,3,0,1,〇,札幌ド,"10,371",スカパースカチャン／ｅ２スカチャン／北海道テレビ,3
2009,Ｊ２,第１６節第１日,05/20(水),19:04,水戸,0-0,札幌,0,0,0,△,笠松,"1,697",スカパースカチャン／ｅ２スカチャンＨＤ,1
2009,Ｊ２,第１７節第２日,05/24(日),13:05,札幌,1-1,東京Ｖ,1,1,0,△,札幌厚別,"10,002",スカパースカチャン／ｅ２スカチャン／ＮＨＫ札幌,1
2009,Ｊ２,第１８節第２日,05/30(土),13:04,札幌,0-0,甲府,0,0,0,△,札幌厚別,"6,359",スカパースカチャン／ｅ２スカチャン／札幌テレビ,1
2009,Ｊ２,第１９節第１日,06/03(水),19:03,栃木,0-1,札幌,0,1,2,〇,熊谷陸,"1,819",スカパースカチャン／ｅ２スカチャン,3
2009,Ｊ２,第２０節第１日,06/07(日),16:04,札幌,1-2,鳥栖,1,2,2,●,札幌ド,"9,899",スカパースカチャン／ｅ２スカチャン,0
2009,Ｊ２,第２１節第２日,06/14(日),13:03,札幌,1-1,徳島,1,1,0,△,札幌厚別,"5,708",スカパースカチャン／ｅ２スカチャン,1
2009,Ｊ２,第２２節第２日,06/21(日),16:03,湘南,3-2,札幌,3,2,1,●,平塚,"9,374",スカパースカチャン／ｅ２スカチャン,0
2009,Ｊ２,第２３節第１日,06/24(水),19:03,札幌,1-1,横浜FC,1,1,0,△,札幌厚別,"7,266",スカパースカチャン／ｅ２スカチャンＨＤ,1
2009,Ｊ２,第２４節第１日,06/27(土),13:04,仙台,1-1,札幌,1,1,0,△,宮城ス,"17,983",スカパースカチャン／ｅ２スカチャン,1
2009,Ｊ２,第４３節第２日,10/04(日),13:03,熊本,0-0,札幌,0,0,0,△,熊本,"4,140",スカパースカチャン／ｅ２スカチャン,1
2009,Ｊ２,第４４節第１日,10/07(水),19:04,札幌,0-1,Ｃ大阪,0,1,2,●,札幌厚別,"7,035",スカパースカチャン／ｅ２スカチャン,0
2009,Ｊ２,第４５節第１日,10/17(土),14:05,徳島,3-0,札幌,3,0,1,●,鳴門大塚,"4,096",スカパースカチャン／ｅ２スカチャン／ＮＨＫ徳島,0
2009,Ｊ２,第４６節第１日,10/21(水),19:03,札幌,1-0,栃木,1,0,1,〇,札幌厚別,"5,112",スカパースカチャン／ｅ２スカチャンＨＤ,3
2009,Ｊ２,第４７節第２日,10/25(日),12:34,仙台,1-0,札幌,1,0,1,●,ユアスタ,"16,515",スカパースカチャン／ｅ２スカチャンＨＤ／仙台放送,0
2009,Ｊ２,第４８節第１日,11/08(日),12:33,札幌,1-1,富山,1,1,0,△,札幌厚別,"6,843",スカパースカチャン／ｅ２スカチャン,1
2009,Ｊ２,第４９節第２日,11/22(日),16:03,岐阜,2-4,札幌,2,4,2,〇,長良川,"7,843",スカパースカチャン／ｅ２スカチャン,3
2009,Ｊ２,第５０節第２日,11/29(日),13:04,札幌,3-1,横浜FC,3,1,1,〇,札幌ド,"21,463",スカパースカチャン／ｅ２スカチャンＨＤ,3
2009,Ｊ２,第５１節第１日,12/05(土),12:33,東京Ｖ,2-2,札幌,2,2,0,△,味スタ,"7,560",スカパースカチャン／ｅ２スカチャン／日本テレビ（録）,1
2010,Ｊ２,第１節第２日,03/07(日),15:03,鳥栖,1-1,札幌,1,1,0,△,ベアスタ,"8,971",スカパースカチャン／ｅ２スカチャン／ＮＨＫ佐賀,1
2010,Ｊ２,第２節第１日,03/13(土),16:04,札幌,0-3,福岡,0,3,2,●,札幌ド,"21,071",スカパースカチャン／ｅ２スカチャン／ＮＨＫ札幌／ＮＨＫ福岡,0
2010,Ｊ２,第３節第２日,03/21(日・祝),13:03,栃木,0-1,札幌,0,1,2,〇,栃木グ,"4,752",スカパースカチャン／ｅ２スカチャン／とちぎテレビ（録）,3
2010,Ｊ２,第４節第２日,03/28(日),13:03,札幌,2-0,岡山,2,0,1,〇,札幌ド,"11,805",スカパースカチャン／ｅ２スカチャン,3
2010,Ｊ２,第５節第２日,04/04(日),13:03,岐阜,3-0,札幌,3,0,1,●,長良川,"5,133",スカパースカチャン／ｅ２スカチャン／ＮＨＫ岐阜,0
2010,Ｊ２,第６節第２日,04/11(日),13:04,札幌,1-1,柏,1,1,0,△,札幌ド,"13,002",スカパースカチャン／ｅ２スカチャン／北海道文化放送,1
2010,Ｊ２,第８節第２日,04/25(日),13:03,札幌,1-2,水戸,1,2,2,●,札幌ド,"11,430",スカパースカチャン／ｅ２スカチャン／札幌テレビ,0
2010,Ｊ２,第９節第１日,04/29(木・祝),15:00,甲府,4-1,札幌,4,1,1,●,小瀬,"11,779",スカパースカチャン／ｅ２スカチャン／山梨放送,0
2010,Ｊ２,第１０節第１日,05/02(日),13:04,熊本,0-0,札幌,0,0,0,△,水前寺,"6,806",スカパースカチャン／ｅ２スカチャン,1
2010,Ｊ２,第１１節第１日,05/05(水・祝),14:04,札幌,0-0,東京Ｖ,0,0,0,△,札幌ド,"13,268",スカパースカチャン／ｅ２スカチャン／ＮＨＫ札幌,1
2010,Ｊ２,第１２節第２日,05/09(日),14:03,北九州,0-1,札幌,0,1,2,〇,本城,"4,061",スカパースカチャン／ｅ２スカチャン,3
2010,Ｊ２,第１３節第２日,05/16(日),13:03,札幌,2-2,大分,2,2,0,△,室蘭,"7,208",スカパースカチャン／ｅ２スカチャン,1
2010,Ｊ２,第１４節第１日,05/22(土),14:04,徳島,0-0,札幌,0,0,0,△,鳴門大塚,"4,363",スカパースカチャン／ｅ２スカチャン／ＮＨＫ徳島,1
2010,Ｊ２,第１５節第２日,05/30(日),13:03,札幌,3-1,富山,3,1,1,〇,札幌厚別,"7,614",スカパースカチャン／ｅ２スカチャン,3
2010,Ｊ２,第１６節第１日,06/05(土),13:04,草津,1-1,札幌,1,1,0,△,正田スタ,"9,382",スカパースカチャン／ｅ２スカチャン／群馬テレビ（録）,1
2010,Ｊ２,第１７節第２日,06/13(日),13:03,札幌,2-2,愛媛,2,2,0,△,函館,"6,967",スカパースカチャン／ｅ２スカチャン,1
2010,Ｊ２,第３０節第１日,10/16(土),13:03,札幌,1-1,甲府,1,1,0,△,札幌厚別,"6,010",スカパースカチャン／ｅ２スカチャン,1
2010,Ｊ２,第３１節第２日,10/24(日),13:04,富山,0-2,札幌,0,2,2,〇,富山,"8,412",スカパースカチャン／ｅ２スカチャン,3
2010,Ｊ２,第３２節第２日,10/31(日),13:03,札幌,0-1,草津,0,1,2,●,札幌厚別,"5,731",スカパースカチャン／ｅ２スカチャン,0
2010,Ｊ２,第３３節第２日,11/07(日),16:03,札幌,1-0,千葉,1,0,1,〇,札幌ド,"12,656",スカパースカチャン／ｅ２スカチャン,3
2010,Ｊ２,第３４節第１日,11/14(日),17:04,水戸,1-1,札幌,1,1,0,△,Ｋｓスタ,"3,056",スカパースカチャン／ｅ２スカチャン／ＮＨＫ水戸＊,1
2010,Ｊ２,第３５節第１日,11/20(土),17:03,横浜FC,1-0,札幌,1,0,1,●,日産ス,"8,433",スカパースカチャン／ｅ２スカチャン,0
2010,Ｊ２,第３６節第１日,11/23(火・祝),17:03,札幌,1-0,徳島,1,0,1,〇,札幌ド,"9,507",スカパースカチャン／ｅ２スカチャン,3
2010,Ｊ２,第３７節第１日,11/27(土),17:34,福岡,0-0,札幌,0,0,0,△,レベスタ,"14,713",スカパースカチャン／ｅ２スカチャン,1
2010,Ｊ２,第３８節第１日,12/04(土),12:34,札幌,4-0,熊本,4,0,1,〇,札幌ド,"14,299",スカパースカチャン／ｅ２スカチャン,3
2011,Ｊ２,第１節第１日,03/05(土),14:02,愛媛,2-0,札幌,2,0,1,●,ニンスタ,"6,230",スカパー／ｅ２／スカパー光／ＮＨＫ松山／ＮＨＫ札幌,0
2011,Ｊ２,第８節第１日,04/23(土),16:04,札幌,0-1,湘南,0,1,2,●,札幌ド,"11,734",スカパー／ｅ２／スカパー光,0
2011,Ｊ２,第９節第１日,04/30(土),13:04,Ｆ東京,0-0,札幌,0,0,0,△,味スタ,"17,572",スカパー／ｅ２／スカパー光／ひかりＴＶ／ＴＯＫＹＯ　ＭＸ（録）,1
2011,Ｊ２,第１０節第１日,05/04(水・祝),14:04,札幌,1-0,草津,1,0,1,〇,札幌ド,"12,386",スカパー／ｅ２／スカパー光／北海道テレビ,3
2011,Ｊ２,第１１節第１日,05/08(日),16:03,熊本,1-0,札幌,1,0,1,●,熊本,"5,709",スカパー／ｅ２／スカパー光／ひかりＴＶ,0
2011,Ｊ２,第１２節第２日,05/15(日),14:03,札幌,2-0,鳥取,2,0,1,〇,札幌ド,"9,326",スカパー／ｅ２／スカパー光／ＮＨＫ札幌,3
2011,Ｊ２,第１３節第１日,05/21(土),13:04,鳥栖,1-0,札幌,1,0,1,●,ベアスタ,"4,248",スカパー／ｅ２／スカパー光,0
2011,Ｊ２,第１４節第３日,05/29(日),13:04,札幌,2-1,岡山,2,1,1,〇,札幌厚別,"5,567",スカパー／ｅ２／スカパー光,3
2011,Ｊ２,第１５節第１日,06/04(土),16:05,大分,0-1,札幌,0,1,2,〇,大銀ド,"7,788",スカパー／ｅ２／スカパー光,3
2011,Ｊ２,第１６節第１日,06/12(日),13:03,札幌,0-2,横浜FC,0,2,2,●,室蘭,"7,330",スカパー／ｅ２／スカパー光／ひかりＴＶ,0
2011,Ｊ２,第１７節第１日,06/19(日),18:04,岐阜,1-3,札幌,1,3,2,〇,長良川,"3,945",スカパー／ｅ２（録）／スカパー光,3
2011,Ｊ２,第１８節第２日,06/26(日),14:03,札幌,0-0,富山,0,0,0,△,札幌ド,"10,357",スカパー／ｅ２／スカパー光,1
2011,Ｊ２,第３０節第２日,10/02(日),16:03,横浜FC,1-2,札幌,1,2,2,〇,国立,"16,813",スカパー／ｅ２／スカパー光,3
2011,Ｊ２,第３１節第２日,10/16(日),13:04,札幌,0-1,鳥栖,0,1,2,●,札幌厚別,"8,674",スカパー／ｅ２／スカパー光,0
2011,Ｊ２,第６節第１日,10/19(水),19:04,京都,4-0,札幌,4,0,1,●,西京極,"3,601",スカパー／ｅ２／スカパー光／ＫＢＳ京都,0
2011,Ｊ２,第３２節第１日,10/22(土),17:03,鳥取,1-0,札幌,1,0,1,●,とりスタ,"3,108",スカパー／ｅ２／スカパー光,0
2011,Ｊ２,第７節第１日,10/26(水),19:04,徳島,0-2,札幌,0,2,2,〇,鳴門大塚,"3,571",スカパー／ｅ２／スカパー光,3
2011,Ｊ２,第３３節第２日,10/30(日),13:05,札幌,3-0,熊本,3,0,1,〇,札幌厚別,"9,337",スカパー／ｅ２／スカパー光,3
2011,Ｊ２,第３４節第１日,11/06(日),16:03,東京Ｖ,2-1,札幌,2,1,1,●,味スタ,"5,425",スカパー／ｅ２／スカパー光,0
2011,Ｊ２,第３５節第１日,11/12(土),13:03,札幌,2-0,大分,2,0,1,〇,札幌厚別,"8,766",スカパー／ｅ２／スカパー光／テレビ北海道,3
2011,Ｊ２,第３６節第２日,11/20(日),13:04,草津,2-1,札幌,2,1,1,●,正田スタ,"5,565",スカパー／ｅ２／スカパー光／群馬テレビ（録）,0
2011,Ｊ２,第３７節第１日,11/26(土),14:03,湘南,0-2,札幌,0,2,2,〇,平塚,"7,828",スカパー／ｅ２／スカパー光,3
2011,Ｊ２,第３８節第１日,12/03(土),12:32,札幌,2-1,Ｆ東京,2,1,1,〇,札幌ド,"39,243",スカパー／ｅ２／スカパー光／札幌テレビ／ひかりＴＶ,3
2012,Ｊ１,第１節第１日,03/10(土),14:04,札幌,0-0,磐田,0,0,0,△,札幌ド,"25,353",スカパー／ｅ２／スカパー光（スカイ・Ａ　ｓｐｏｒｔｓ＋）／ＮＨＫ札幌,1
2012,Ｊ１,第２節第１日,03/17(土),17:06,神戸,2-1,札幌,2,1,1,●,ホームズ,"14,036",スカパー／ｅ２／スカパー光,0
2012,Ｊ１,第３節第１日,03/24(土),16:03,札幌,1-2,浦和,1,2,2,●,札幌ド,"20,192",スカパー／ｅ２／スカパー光,0
2012,Ｊ１,第４節第１日,03/31(土),18:34,清水,1-0,札幌,1,0,1,●,アウスタ,"14,216",スカパー／ｅ２／スカパー光,0
2012,Ｊ１,第５節第１日,04/07(土),14:05,札幌,0-2,柏,0,2,2,●,札幌ド,"14,023",スカパー／ｅ２／スカパー光／ＮＨＫ　ＢＳ１,0
2012,Ｊ１,第６節第１日,04/14(土),16:03,名古屋,3-1,札幌,3,1,1,●,豊田ス,"12,896",スカパー／ｅ２／スカパー光,0
2012,Ｊ１,第７節第１日,04/21(土),14:04,札幌,2-3,川崎Ｆ,2,3,2,●,札幌ド,"11,119",スカパー／ｅ２／スカパー光（Ｊ　ＳＰＯＲＴＳ　４）／ＮＨＫ札幌,0
2012,Ｊ１,第８節第１日,04/28(土),16:03,大宮,2-1,札幌,2,1,1,●,ＮＡＣＫ,"8,435",スカパー／ｅ２／スカパー光（スカイ・Ａ　ｓｐｏｒｔｓ＋）,0
2012,Ｊ１,第９節第１日,05/03(木・祝),14:03,札幌,1-0,Ｃ大阪,1,0,1,〇,札幌厚別,"9,596",スカパー／ｅ２／スカパー光,3
2012,Ｊ１,第１０節第１日,05/06(日),13:03,横浜FM,2-1,札幌,2,1,1,●,日産ス,"24,183",スカパー／ｅ２／スカパー光,0
2012,Ｊ１,第１１節第１日,05/12(土),13:04,札幌,0-1,Ｆ東京,0,1,2,●,札幌ド,"10,816",スカパー／ｅ２／スカパー光／北海道テレビ,0
2012,Ｊ１,第１２節第１日,05/19(土),17:04,鹿島,7-0,札幌,7,0,1,●,カシマ,"13,915",スカパー／ｅ２／スカパー光,0
2012,Ｊ１,第１３節第２日,05/26(土),14:04,札幌,1-3,広島,1,3,2,●,札幌厚別,"6,870",スカパー／ｅ２／スカパー光／ＮＨＫ　ＢＳ１,0
2012,Ｊ１,第１４節第１日,06/16(土),13:33,仙台,4-1,札幌,4,1,1,●,ユアスタ,"13,554",スカパー／ｅ２／スカパー光（Ｊ　ＳＰＯＲＴＳ　１）／ミヤギテレビ,0
2012,Ｊ１,第１５節第１日,06/23(土),14:03,札幌,0-4,Ｇ大阪,0,4,2,●,札幌ド,"14,759",スカパー／ｅ２／スカパー光（スカイ・Ａ　ｓｐｏｒｔｓ＋）／ＮＨＫ札幌,0
2012,Ｊ１,第１６節第１日,06/30(土),19:03,鳥栖,1-0,札幌,1,0,1,●,ベアスタ,"10,345",スカパー／ｅ２／スカパー光（Ｊ　ＳＰＯＲＴＳ　４）,0
2012,Ｊ１,第２８節第１日,10/06(土),19:04,浦和,1-2,札幌,1,2,2,〇,埼玉,"30,692",スカパー！／スカパー！プレミアムサービス,3
2012,Ｊ１,第２９節第１日,10/20(土),16:03,札幌,0-0,鹿島,0,0,0,△,札幌厚別,"7,208",スカパー！／スカパー！プレミアムサービス,1
2012,Ｊ１,第３０節第１日,10/27(土),17:04,Ｆ東京,5-0,札幌,5,0,1,●,味スタ,"20,696",スカパー！／スカパー！プレミアムサービス／ＴＯＫＹＯ　ＭＸ,0
2012,Ｊ１,第３１節第１日,11/07(水),19:04,広島,3-0,札幌,3,0,1,●,広島ビ,"13,204",スカパー！／スカパー！プレミアムサービス／ＮＨＫ　ＢＳ１,0
2012,Ｊ１,第３２節第１日,11/17(土),17:03,札幌,2-3,鳥栖,2,3,2,●,札幌ド,"10,266",スカパー！／スカパー！プレミアムサービス,0
2012,Ｊ１,第３３節第１日,11/24(土),17:34,札幌,0-2,横浜FM,0,2,2,●,札幌ド,"19,587",スカパー！／スカパー！プレミアムサービス,0
2012,Ｊ１,第３４節第１日,12/01(土),15:33,新潟,4-1,札幌,4,1,1,●,東北電ス,"28,055",スカパー！／スカパー！プレミアムサービス／ＮＨＫ　ＢＳ１（録）／ＮＨＫ新潟,0
2013,Ｊ２,第１節第１日,03/03(日),13:03,千葉,0-1,札幌,0,1,2,〇,フクアリ,"13,583",スカパー！／スカパー！プレミアムサービス,3
2013,Ｊ２,第２節第１日,03/10(日),16:04,札幌,0-1,栃木,0,1,2,●,札幌ド,"13,248",スカパー！／スカパー！プレミアムサービス,0
2013,Ｊ２,第３節第１日,03/17(日),16:04,神戸,1-0,札幌,1,0,1,●,ノエスタ,"6,776",スカパー！／スカパー！プレミアムサービス,0
2013,Ｊ２,第４節第１日,03/20(水・祝),16:04,札幌,1-2,松本,1,2,2,●,札幌ド,"9,979",スカパー！／スカパー！プレミアムサービス,0
2013,Ｊ２,第５節第１日,03/24(日),14:03,福岡,0-1,札幌,0,1,2,〇,レベスタ,"5,188",スカパー！／スカパー！プレミアムサービス,3
2013,Ｊ２,第６節第１日,03/31(日),16:03,札幌,1-3,Ｇ大阪,1,3,2,●,札幌ド,"17,020",スカパー！／スカパー！プレミアムサービス,0
2013,Ｊ２,第７節第１日,04/07(日),13:04,岡山,3-2,札幌,3,2,1,●,カンスタ,"6,310",スカパー！／スカパー！プレミアムサービス,0
2013,Ｊ２,第８節第１日,04/14(日),13:03,札幌,2-1,徳島,2,1,1,〇,札幌ド,"8,173",スカパー！／スカパー！プレミアムサービス／ＮＨＫ札幌,3
2013,Ｊ２,第９節第１日,04/17(水),19:03,鳥取,0-2,札幌,0,2,2,〇,とりスタ,"1,711",スカパー！／スカパー！プレミアムサービス,3
2013,Ｊ２,第１０節第１日,04/21(日),13:04,長崎,0-0,札幌,0,0,0,△,長崎県立,"3,709",スカパー！／スカパー！プレミアムサービス／長崎国際テレビ,1
2013,Ｊ２,第１１節第１日,04/28(日),13:03,札幌,1-3,熊本,1,3,2,●,札幌厚別,"6,003",スカパー！／スカパー！プレミアムサービス,0
2013,Ｊ２,第１２節第１日,05/03(金・祝),16:04,札幌,0-1,京都,0,1,2,●,札幌ド,"11,981",スカパー！／スカパー！プレミアムサービス,0
2013,Ｊ２,第１３節第１日,05/06(月・休),13:03,北九州,1-2,札幌,1,2,2,〇,本城,"3,100",スカパー！／スカパー！プレミアムサービス,3
2013,Ｊ２,第１４節第１日,05/12(日),16:04,山形,0-1,札幌,0,1,2,〇,ＮＤスタ,"6,460",スカパー！／スカパー！プレミアムサービス,3
2013,Ｊ２,第１５節第１日,05/19(日),16:03,札幌,1-1,東京Ｖ,1,1,0,△,札幌厚別,"7,171",スカパー！／スカパー！プレミアムサービス,1
2013,Ｊ２,第１６節第１日,05/26(日),13:03,札幌,0-1,水戸,0,1,2,●,札幌厚別,"8,590",スカパー！／スカパー！プレミアムサービス／ＮＨＫ札幌,0
2013,Ｊ２,第１７節第１日,06/01(土),14:04,横浜FC,0-2,札幌,0,2,2,〇,ニッパ球,"7,135",スカパー！／スカパー！プレミアムサービス,3
2013,Ｊ２,第１８節第１日,06/08(土),14:04,愛媛,3-2,札幌,3,2,1,●,ニンスタ,"5,544",スカパー！／スカパー！プレミアムサービス,0
2013,Ｊ２,第１９節第２日,06/15(土),14:03,札幌,1-0,富山,1,0,1,〇,札幌厚別,"4,837",スカパー！／スカパー！プレミアムサービス／札幌テレビ,3
2013,Ｊ２,第２０節第１日,06/22(土),14:03,札幌,4-0,岐阜,4,0,1,〇,札幌厚別,"5,464",スカパー！／スカパー！プレミアムサービス,3
2013,Ｊ２,第２１節第１日,06/29(土),19:34,群馬,2-0,札幌,2,0,1,●,正田スタ,"2,723",スカパー！／スカパー！プレミアムサービス,0
2013,Ｊ２,第３６節第１日,10/06(日),13:04,札幌,1-3,群馬,1,3,2,●,札幌厚別,"6,396",スカパー！／スカパー！プレミアムサービス,0
2013,Ｊ２,第３７節第１日,10/20(日),13:04,札幌,3-1,山形,3,1,1,〇,札幌ド,"9,304",スカパー！／スカパー！プレミアムサービス,3
2013,Ｊ２,第３８節第１日,10/27(日),13:04,京都,2-0,札幌,2,0,1,●,西京極,"8,590",スカパー！／スカパー！プレミアムサービス／ＫＢＳ京都（録）,0
2013,Ｊ２,第３９節第１日,11/03(日・祝),13:03,札幌,1-0,千葉,1,0,1,〇,札幌ド,"12,718",スカパー！／スカパー！プレミアムサービス,3
2013,Ｊ２,第４０節第１日,11/10(日),16:03,札幌,1-0,神戸,1,0,1,〇,札幌ド,"18,088",スカパー！／スカパー！プレミアムサービス,3
2013,Ｊ２,第４１節第１日,11/17(日),17:05,岐阜,0-3,札幌,0,3,2,〇,長良川,"7,015",スカパー！／スカパー！プレミアムサービス,3
2013,Ｊ２,第４２節第１日,11/24(日),12:33,札幌,0-0,北九州,0,0,0,△,札幌ド,"24,813",スカパー！／スカパー！プレミアムサービス／ＮＨＫ札幌,1
2014,Ｊ２,第１節第１日,03/02(日),14:03,磐田,0-1,札幌,0,1,2,〇,ヤマハ,"11,730",スカパー！／スカパー！プレミアムサービス／静岡放送,3
2014,Ｊ２,第２節第１日,03/09(日),13:03,札幌,1-1,山形,1,1,0,△,札幌ド,"16,064",スカパー！／スカパー！プレミアムサービス,1
2014,Ｊ２,第３節第１日,03/16(日),16:04,湘南,2-0,札幌,2,0,1,●,ＢＭＷス,"8,269",スカパー！／スカパー！プレミアムサービス,0
2014,Ｊ２,第４節第１日,03/22(土),16:03,札幌,3-0,北九州,3,0,1,〇,札幌ド,"9,251",スカパー！／スカパー！プレミアムサービス,3
2014,Ｊ２,第５節第１日,03/30(日),16:04,京都,1-1,札幌,1,1,0,△,西京極,"4,703",スカパー！／スカパー！プレミアムサービス,1
2014,Ｊ２,第６節第１日,04/05(土),13:03,札幌,1-0,松本,1,0,1,〇,札幌ド,"9,723",スカパー！／スカパー！プレミアムサービス,3
2014,Ｊ２,第７節第１日,04/13(日),13:03,大分,1-0,札幌,1,0,1,●,大銀ド,"6,072",スカパー！／スカパー！プレミアムサービス,0
2014,Ｊ２,第８節第１日,04/20(日),13:03,札幌,1-0,群馬,1,0,1,〇,札幌ド,"8,536",スカパー！／スカパー！プレミアムサービス／ＮＨＫ札幌,3
2014,Ｊ２,第９節第１日,04/26(土),19:03,岡山,2-0,札幌,2,0,1,●,カンスタ,"6,381",スカパー！／スカパー！プレミアムサービス,0
2014,Ｊ２,第１０節第１日,04/29(火・祝),17:03,札幌,0-0,東京Ｖ,0,0,0,△,札幌ド,"10,163",スカパー！／スカパー！プレミアムサービス,1
2014,Ｊ２,第１１節第１日,05/03(土・祝),13:03,栃木,2-1,札幌,2,1,1,●,栃木グ,"5,775",スカパー！／スカパー！プレミアムサービス／とちぎテレビ（録）,0
2014,Ｊ２,第１２節第１日,05/06(火・休),13:03,札幌,2-2,熊本,2,2,0,△,札幌ド,"12,302",スカパー！／スカパー！プレミアムサービス,1
2014,Ｊ２,第１３節第２日,05/12(月),19:03,札幌,0-1,愛媛,0,1,2,●,札幌ド,"6,646",スカパー！／スカパー！プレミアムサービス,0
2014,Ｊ２,第１４節第１日,05/18(日),16:03,千葉,2-0,札幌,2,0,1,●,フクアリ,"9,480",スカパー！／スカパー！プレミアムサービス,0
2014,Ｊ２,第１５節第２日,05/25(日),19:03,札幌,4-0,水戸,4,0,1,〇,札幌ド,"6,966",スカパー！／スカパー！プレミアムサービス,3
2014,Ｊ２,第１６節第１日,05/31(土),14:03,札幌,1-1,福岡,1,1,0,△,札幌厚別,"8,851",スカパー！／スカパー！プレミアムサービス,1
2014,Ｊ２,第１７節第１日,06/07(土),16:03,讃岐,1-0,札幌,1,0,1,●,丸亀,"2,626",スカパー！／スカパー！プレミアムサービス,0
2014,Ｊ２,第１８節第１日,06/14(土),16:03,横浜FC,2-2,札幌,2,2,0,△,ニッパ球,"6,097",スカパー！／スカパー！プレミアムサービス,1
2014,Ｊ２,第１９節第１日,06/21(土),14:03,札幌,2-1,富山,2,1,1,〇,札幌厚別,"6,844",スカパー！／スカパー！プレミアムサービス,3
2014,Ｊ２,第２０節第１日,06/28(土),14:03,札幌,3-2,岐阜,3,2,1,〇,札幌厚別,"7,293",スカパー！／スカパー！プレミアムサービス,3
2014,Ｊ２,第３５節第１日,10/04(土),16:03,水戸,0-0,札幌,0,0,0,△,Ｋｓスタ,"5,297",スカパー！／スカパー！プレミアムサービス,1
2014,Ｊ２,第３６節第１日,10/11(土),13:03,札幌,0-2,千葉,0,2,2,●,札幌厚別,"7,844",スカパー！／スカパー！プレミアムサービス,0
2014,Ｊ２,第３７節第１日,10/19(日),13:04,富山,0-2,札幌,0,2,2,〇,富山,"4,108",スカパー！／スカパー！プレミアムサービス,3
2014,Ｊ２,第３８節第１日,10/26(日),13:03,札幌,2-0,湘南,2,0,1,〇,札幌ド,"11,896",スカパー！／スカパー！プレミアムサービス／北海道文化放送,3
2014,Ｊ２,第３９節第１日,11/01(土),13:03,東京Ｖ,0-0,札幌,0,0,0,△,味スタ,"7,764",スカパー！／スカパー！プレミアムサービス,1
2014,Ｊ２,第４０節第１日,11/09(日),13:03,札幌,1-1,讃岐,1,1,0,△,札幌ド,"12,954",スカパー！／スカパー！プレミアムサービス／ＮＨＫ札幌,1
2014,Ｊ２,第４１節第１日,11/15(土),14:03,福岡,2-2,札幌,2,2,0,△,レベスタ,"3,444",スカパー！／スカパー！プレミアムサービス,1
2014,Ｊ２,第４２節第１日,11/23(日・祝),14:03,札幌,1-1,磐田,1,1,0,△,札幌ド,"19,634",スカパー！／スカパー！プレミアムサービス,1
2015,Ｊ２,第１節第１日,03/08(日),16:03,栃木,1-2,札幌,1,2,2,〇,栃木グ,"7,146",スカパー！／スカパー！プレミアムサービス／とちぎテレビ（録）,3
2015,Ｊ２,第２節第１日,03/15(日),13:03,札幌,0-1,長崎,0,1,2,●,札幌ド,"18,086",スカパー！／スカパー！プレミアムサービス／北海道文化放送,0
2015,Ｊ２,第３節第２日,03/21(土・祝),14:03,札幌,2-1,福岡,2,1,1,〇,札幌ド,"10,889",スカパー！／スカパー！プレミアムサービス,3
2015,Ｊ２,第４節第１日,03/29(日),16:04,大宮,1-1,札幌,1,1,0,△,ＮＡＣＫ,"10,491",スカパー！／スカパー！プレミアムサービス,1
2015,Ｊ２,第５節第１日,04/01(水),19:03,札幌,1-2,京都,1,2,2,●,札幌ド,"8,193",スカパー！／スカパー！プレミアムサービス,0
2015,Ｊ２,第６節第１日,04/05(日),13:03,札幌,1-1,東京Ｖ,1,1,0,△,札幌ド,"9,485",スカパー！／スカパー！プレミアムサービス／ＮＨＫ札幌,1
2015,Ｊ２,第７節第１日,04/11(土),13:03,讃岐,0-0,札幌,0,0,0,△,丸亀,"2,779",スカパー！／スカパー！プレミアムサービス,1
2015,Ｊ２,第８節第１日,04/19(日),13:03,札幌,1-0,水戸,1,0,1,〇,札幌ド,"9,138",スカパー！／スカパー！プレミアムサービス,3
2015,Ｊ２,第９節第１日,04/26(日),13:04,岡山,0-1,札幌,0,1,2,〇,Ｃスタ,"10,107",スカパー！／スカパー！プレミアムサービス／山陽放送,3
2015,Ｊ２,第１０節第１日,04/29(水・祝),19:33,金沢,1-1,札幌,1,1,0,△,石川西部,"6,657",スカパー！／スカパー！プレミアムサービス／北陸放送（録）,1
2015,Ｊ２,第１１節第１日,05/03(日・祝),13:03,札幌,3-0,磐田,3,0,1,〇,札幌ド,"16,902",スカパー！／スカパー！プレミアムサービス,3
2015,Ｊ２,第１２節第１日,05/06(水・休),18:04,愛媛,0-0,札幌,0,0,0,△,ニンスタ,"3,124",スカパー！／スカパー！プレミアムサービス,1
2015,Ｊ２,第１３節第１日,05/09(土),14:03,札幌,2-3,熊本,2,3,2,●,札幌ド,"10,405",スカパー！／スカパー！プレミアムサービス／ＮＨＫ札幌／ＮＨＫ熊本,0
2015,Ｊ２,第１４節第１日,05/17(日),13:04,群馬,0-2,札幌,0,2,2,〇,正田スタ,"4,701",スカパー！／スカパー！プレミアムサービス,3
2015,Ｊ２,第１５節第１日,05/24(日),14:04,徳島,1-2,札幌,1,2,2,〇,鳴門大塚,"4,595",スカパー！／スカパー！プレミアムサービス,3
2015,Ｊ２,第１６節第２日,06/01(月),19:03,札幌,1-1,Ｃ大阪,1,1,0,△,札幌ド,"18,044",スカパー！／スカパー！プレミアムサービス,1
2015,Ｊ２,第１７節第１日,06/06(土),19:03,千葉,1-1,札幌,1,1,0,△,フクアリ,"14,481",スカパー！／スカパー！プレミアムサービス,1
2015,Ｊ２,第１８節第１日,06/14(日),13:04,岐阜,0-1,札幌,0,1,2,〇,長良川,"7,065",スカパー！／スカパー！プレミアムサービス／岐阜放送,3
2015,Ｊ２,第１９節第１日,06/21(日),14:03,札幌,1-1,北九州,1,1,0,△,札幌ド,"12,691",スカパー！／スカパー！プレミアムサービス,1
2015,Ｊ２,第２０節第２日,06/29(月),19:04,札幌,1-1,大分,1,1,0,△,札幌ド,"8,974",スカパー！／スカパー！プレミアムサービス,1
2015,Ｊ２,第３５節第１日,10/04(日),17:03,東京Ｖ,0-2,札幌,0,2,2,〇,味スタ,"7,712",スカパー！／スカパー！プレミアムサービス,3
2015,Ｊ２,第３６節第１日,10/10(土),13:03,札幌,2-1,金沢,2,1,1,〇,札幌厚別,"6,981",スカパー！／スカパー！プレミアムサービス,3
2015,Ｊ２,第３７節第１日,10/18(日),13:04,磐田,3-0,札幌,3,0,1,●,ヤマハ,"11,179",スカパー！／スカパー！プレミアムサービス,0
2015,Ｊ２,第３８節第１日,10/25(日),13:03,大分,2-0,札幌,2,0,1,●,大銀ド,"9,062",スカパー！／スカパー！プレミアムサービス／ＮＨＫ大分,0
2015,Ｊ２,第３９節第１日,11/01(日),13:03,札幌,3-2,千葉,3,2,1,〇,札幌ド,"9,611",スカパー！／スカパー！プレミアムサービス,3
2015,Ｊ２,第４０節第１日,11/07(土),14:03,札幌,2-0,徳島,2,0,1,〇,札幌ド,"14,428",スカパー！／スカパー！プレミアムサービス／北海道文化放送,3
2015,Ｊ２,第４１節第１日,11/14(土),15:03,水戸,2-1,札幌,2,1,1,●,Ｋｓスタ,"6,555",スカパー！／スカパー！プレミアムサービス,0
2015,Ｊ２,第４２節第１日,11/23(月・祝),14:03,札幌,4-1,栃木,4,1,1,〇,札幌ド,"20,234",スカパー！／スカパー！プレミアムサービス／ＮＨＫ札幌,3
2016,Ｊ２,第１節第１日,02/28(日),13:03,東京Ｖ,1-0,札幌,1,0,1,●,味スタ,"9,272",スカパー！／スカパー！プレミアムサービス,0
2016,Ｊ２,第２節第１日,03/06(日),16:04,岐阜,0-4,札幌,0,4,2,〇,長良川,"4,898",スカパー！／スカパー！プレミアムサービス／岐阜放送,3
2016,Ｊ２,第３節第２日,03/13(日),13:03,札幌,1-1,愛媛,1,1,0,△,札幌ド,"20,012",スカパー！／スカパー！プレミアムサービス／北海道文化放送,1
2016,Ｊ２,第４節第１日,03/20(日・祝),13:04,清水,0-2,札幌,0,2,2,〇,アイスタ,"12,624",スカパー！／スカパー！プレミアムサービス,3
2016,Ｊ２,第５節第１日,03/26(土),13:03,札幌,3-1,京都,3,1,1,〇,札幌ド,"9,341",スカパー！／スカパー！プレミアムサービス／テレビ北海道,3
2016,Ｊ２,第６節第１日,04/03(日),13:03,町田,2-0,札幌,2,0,1,●,町田,"7,146",スカパー！／スカパー！プレミアムサービス,0
2016,Ｊ２,第７節第１日,04/09(土),19:03,札幌,1-0,岡山,1,0,1,〇,札幌ド,"9,467",スカパー！／スカパー！プレミアムサービス／テレビ北海道,3
2016,Ｊ２,第８節第２日,04/17(日),14:04,山形,1-1,札幌,1,1,0,△,ＮＤスタ,"4,871",スカパー！／スカパー！プレミアムサービス／ＮＨＫ山形,1
2016,Ｊ２,第９節第１日,04/23(土),13:04,札幌,1-0,Ｃ大阪,1,0,1,〇,札幌ド,"21,640",スカパー！／スカパー！プレミアムサービス／テレビ北海道,3
2016,Ｊ２,第１０節第１日,04/29(金・祝),14:03,札幌,1-0,徳島,1,0,1,〇,札幌ド,"14,186",スカパー！／スカパー！プレミアムサービス／ＮＨＫ札幌,3
2016,Ｊ２,第１１節第１日,05/03(火・祝),13:03,金沢,0-1,札幌,0,1,2,〇,石川西部,"4,623",スカパー！／スカパー！プレミアムサービス／北陸放送（録）,3
2016,Ｊ２,第１３節第１日,05/15(日),13:03,水戸,0-1,札幌,0,1,2,〇,Ｋｓスタ,"6,028",スカパー！／スカパー！プレミアムサービス,3
2016,Ｊ２,第１４節第１日,05/22(日),13:03,讃岐,0-1,札幌,0,1,2,〇,ピカスタ,"3,208",スカパー！／スカパー！プレミアムサービス,3
2016,Ｊ２,第１５節第１日,05/28(土),14:03,札幌,3-1,山口,3,1,1,〇,札幌ド,"10,920",スカパー！／スカパー！プレミアムサービス／ＮＨＫ札幌／ＮＨＫ山口,3
2016,Ｊ２,第１６節第１日,06/04(土),19:03,札幌,2-2,千葉,2,2,0,△,札幌ド,"11,937",スカパー！／スカパー！プレミアムサービス／テレビ北海道,1
2016,Ｊ２,第１７節第１日,06/08(水),19:03,松本,3-2,札幌,3,2,1,●,松本,"10,796",スカパー！／スカパー！プレミアムサービス,0
2016,Ｊ２,第１８節第２日,06/13(月),19:03,札幌,2-1,長崎,2,1,1,〇,札幌ド,"10,607",スカパー！／スカパー！プレミアムサービス,3
2016,Ｊ２,第１９節第１日,06/19(日),14:03,札幌,1-0,北九州,1,0,1,〇,札幌ド,"11,957",スカパー！／スカパー！プレミアムサービス／テレビ北海道,3
2016,Ｊ２,第２０節第１日,06/26(日),19:34,群馬,0-1,札幌,0,1,2,〇,正田スタ,"3,184",スカパー！／スカパー！プレミアムサービス,3
2016,Ｊ２,第３４節第１日,10/02(日),14:03,北九州,0-0,札幌,0,0,0,△,本城,"3,095",スカパー！／スカパー！プレミアムサービス,1
2016,Ｊ２,第３５節第１日,10/08(土),12:03,札幌,1-0,水戸,1,0,1,〇,札幌厚別,"8,269",スカパー！／スカパー！プレミアムサービス／北海道文化放送,3
2016,Ｊ２,第３６節第１日,10/16(日),19:04,愛媛,2-2,札幌,2,2,0,△,ニンスタ,"2,916",スカパー！／スカパー！プレミアムサービス,1
2016,Ｊ２,第３７節第１日,10/22(土),14:03,札幌,1-2,東京Ｖ,1,2,2,●,札幌ド,"18,868",スカパー！／スカパー！プレミアムサービス／ＮＨＫ札幌,0
2016,Ｊ２,第３８節第２日,10/30(日),15:03,熊本,2-0,札幌,2,0,1,●,うまスタ,"7,880",スカパー！／スカパー！プレミアムサービス,0
2016,Ｊ２,第３９節第１日,11/03(木・祝),14:03,札幌,4-1,讃岐,4,1,1,〇,札幌ド,"21,582",スカパー！／スカパー！プレミアムサービス／北海道テレビ放送,3
2016,Ｊ２,第４０節第１日,11/06(日),13:04,徳島,2-1,札幌,2,1,1,●,鳴門大塚,"4,402",スカパー！／スカパー！プレミアムサービス,0
2016,Ｊ２,第４１節第１日,11/12(土),13:03,千葉,1-2,札幌,1,2,2,〇,フクアリ,"12,726",スカパー！／スカパー！プレミアムサービス／千葉テレビ,3
2016,Ｊ２,第４２節第１日,11/20(日),14:04,札幌,0-0,金沢,0,0,0,△,札幌ド,"33,697",スカパー！／スカパー！プレミアムサービス／テレビ北海道,1
2017,Ｊ１,第１節第１日,02/25(土),14:04,仙台,1-0,札幌,1,0,1,●,ユアスタ,"17,230",ＤＡＺＮ／ＮＨＫ仙台／ＮＨＫ札幌,0
2017,Ｊ１,第２節第１日,03/04(土),19:03,横浜FM,3-0,札幌,3,0,1,●,ニッパツ,"12,740",ＤＡＺＮ／ＮＨＫ　ＢＳ１,0
2017,Ｊ１,第３節第２日,03/11(土),15:06,札幌,1-1,Ｃ大阪,1,1,0,△,札幌ド,"21,760",ＤＡＺＮ／札幌テレビ放送,1
2017,Ｊ１,第４節第１日,03/18(土),14:03,札幌,2-1,広島,2,1,1,〇,札幌ド,"12,624",ＤＡＺＮ／ＮＨＫ札幌／ＮＨＫ広島,3
2017,Ｊ１,第５節第２日,04/02(日),17:04,甲府,2-0,札幌,2,0,1,●,中銀スタ,"10,195",ＤＡＺＮ,0
2017,Ｊ１,第６節第２日,04/08(土),19:03,札幌,2-1,FC東京,2,1,1,〇,札幌ド,"16,948",ＤＡＺＮ／テレビ北海道,3
2017,Ｊ１,第７節第１日,04/16(日),13:08,札幌,1-1,川崎Ｆ,1,1,0,△,札幌ド,"18,155",ＤＡＺＮ／ＮＨＫ札幌,1
2017,Ｊ１,第８節第２日,04/22(土),14:04,浦和,3-2,札幌,3,2,1,●,埼玉,"36,880",ＤＡＺＮ／ＮＨＫ　ＢＳ１／テレ玉,0
2017,Ｊ１,第９節第１日,04/30(日),15:03,磐田,2-2,札幌,2,2,0,△,ヤマハ,"14,495",ＤＡＺＮ,1
2017,Ｊ１,第１０節第３日,05/06(土),13:03,札幌,1-0,大宮,1,0,1,〇,札幌ド,"15,498",ＤＡＺＮ／テレビ北海道,3
2017,Ｊ１,第１１節第１日,05/14(日),19:03,札幌,0-2,Ｇ大阪,0,2,2,●,札幌ド,"21,174",ＤＡＺＮ／ＮＨＫ　ＢＳ１,0
2017,Ｊ１,第１２節第２日,05/20(土),14:03,新潟,1-0,札幌,1,0,1,●,デンカＳ,"19,253",ＤＡＺＮ／ＮＨＫ新潟,0
2017,Ｊ１,第１３節第１日,05/27(土),19:04,鳥栖,1-0,札幌,1,0,1,●,ベアスタ,"14,416",ＤＡＺＮ／ＮＨＫ　ＢＳ１,0
2017,Ｊ１,第１４節第１日,06/04(日),13:03,札幌,1-2,神戸,1,2,2,●,札幌ド,"12,644",ＤＡＺＮ／北海道放送,0
2017,Ｊ１,第１５節第１日,06/17(土),18:33,鹿島,3-0,札幌,3,0,1,●,カシマ,"20,826",ＤＡＺＮ,0
2017,Ｊ１,第１６節第１日,06/25(日),19:03,柏,2-1,札幌,2,1,1,●,柏,"9,769",ＤＡＺＮ,0
2017,Ｊ１,第２９節第１日,10/14(土),13:03,札幌,3-0,柏,3,0,1,〇,札幌厚別,"9,614",ＤＡＺＮ／札幌テレビ,3
2017,Ｊ１,第３０節第１日,10/21(土),16:03,FC東京,1-2,札幌,1,2,2,〇,味スタ,"16,817",ＤＡＺＮ／ＴＯＫＹＯ　ＭＸ（録）,3
2017,Ｊ１,第３１節第１日,10/29(日),16:04,札幌,1-2,鹿島,1,2,2,●,札幌ド,"27,514",ＤＡＺＮ／ＮＨＫ総合,0
2017,Ｊ１,第３２節第２日,11/18(土),15:03,清水,0-2,札幌,0,2,2,〇,アイスタ,"13,723",ＤＡＺＮ／テレビ静岡／北海道文化放送,3
2017,Ｊ１,第３３節第１日,11/26(日),13:03,Ｇ大阪,0-1,札幌,0,1,2,〇,吹田Ｓ,"25,626",ＤＡＺＮ,3
2017,Ｊ１,第３４節第１日,12/02(土),14:04,札幌,3-2,鳥栖,3,2,1,〇,札幌ド,"27,796",ＤＡＺＮ／北海道文化放送,3
2018,Ｊ１,第１節第２日,02/24(土),14:03,広島,1-0,札幌,1,0,1,●,Ｅスタ,"17,026",ＤＡＺＮ／ＮＨＫ広島／ＮＨＫ札幌,0
2018,Ｊ１,第２節第１日,03/02(金),19:03,Ｃ大阪,3-3,札幌,3,3,0,△,金鳥スタ,"10,415",ＤＡＺＮ,1
2018,Ｊ１,第３節第１日,03/10(土),19:03,札幌,1-3,清水,1,3,2,●,札幌ド,"19,390",ＤＡＺＮ／ＮＨＫ　ＢＳ１,0
2018,Ｊ１,第４節第１日,03/18(日),14:03,札幌,2-1,長崎,2,1,1,〇,札幌ド,"13,568",ＤＡＺＮ／札幌テレビ,3
2018,Ｊ１,第５節第２日,03/31(土),15:03,鹿島,0-0,札幌,0,0,0,△,カシマ,"19,629",ＤＡＺＮ,1
2018,Ｊ１,第６節第１日,04/07(土),14:03,札幌,3-0,名古屋,3,0,1,〇,札幌ド,"17,390",ＤＡＺＮ／ＮＨＫ札幌,3
2018,Ｊ１,第７節第１日,04/11(水),19:03,札幌,1-0,湘南,1,0,1,〇,札幌ド,"11,183",ＤＡＺＮ／北海道放送（録）,3
2018,Ｊ１,第８節第１日,04/14(土),14:03,柏,1-2,札幌,1,2,2,〇,三協Ｆ柏,"9,533",ＤＡＺＮ,3
2018,Ｊ１,第９節第１日,04/21(土),16:03,浦和,0-0,札幌,0,0,0,△,埼玉,"39,091",ＤＡＺＮ,1
2018,Ｊ１,第１０節第１日,04/25(水),19:03,札幌,2-1,横浜FM,2,1,1,〇,札幌厚別,"6,729",ＤＡＺＮ／北海道放送（録）,3
2018,Ｊ１,第１１節第１日,04/28(土),14:03,仙台,2-2,札幌,2,2,0,△,ユアスタ,"13,812",ＤＡＺＮ,1
2018,Ｊ１,第１２節第１日,05/02(水),20:03,鳥栖,1-2,札幌,1,2,2,〇,ベアスタ,"7,377",ＤＡＺＮ,3
2018,Ｊ１,第１３節第１日,05/05(土・祝),14:03,札幌,2-0,Ｇ大阪,2,0,1,〇,札幌厚別,"12,382",ＤＡＺＮ／北海道文化放送,3
2018,Ｊ１,第１４節第２日,05/13(日),16:04,FC東京,0-0,札幌,0,0,0,△,味スタ,"24,589",ＤＡＺＮ／ＴＯＫＹＯ　ＭＸ,1
2018,Ｊ１,第１５節第２日,05/20(日),17:04,神戸,4-0,札幌,4,0,1,●,ノエスタ,"18,725",ＤＡＺＮ,0
2018,Ｊ１,第２９節第１日,10/05(金),19:35,横浜FM,2-1,札幌,2,1,1,●,日産ス,"19,124",ＤＡＺＮ,0
2018,Ｊ１,第３０節第２日,10/20(土),16:04,湘南,2-2,札幌,2,2,0,△,ＢＭＷス,"11,982",ＤＡＺＮ,1
2018,Ｊ１,第１８節第５日,10/28(日),15:03,名古屋,1-2,札幌,1,2,2,〇,パロ瑞穂,"17,400",ＤＡＺＮ,3
2018,Ｊ１,第３１節第４日,11/04(日),14:03,札幌,1-0,仙台,1,0,1,〇,札幌ド,"24,065",ＤＡＺＮ／札幌テレビ放送,3
2018,Ｊ１,第３２節第２日,11/10(土),14:03,札幌,1-2,浦和,1,2,2,●,札幌厚別,"12,723",ＤＡＺＮ／ＮＨＫ札幌,0
2018,Ｊ１,第３３節第１日,11/24(土),14:05,磐田,0-2,札幌,0,2,2,〇,ヤマハ,"14,051",ＤＡＺＮ,3
2018,Ｊ１,第３４節第１日,12/01(土),14:03,札幌,2-2,広島,2,2,0,△,札幌ド,"34,250",ＤＡＺＮ／北海道文化放送,1
2019,Ｊ１,第１節第２日,02/23(土),16:03,湘南,2-0,札幌,2,0,1,●,ＢＭＷス,"13,249",ＤＡＺＮ,0
2019,Ｊ１,第２節第２日,03/02(土),16:04,浦和,0-2,札幌,0,2,2,〇,埼玉,"41,109",ＤＡＺＮ／テレ玉,3
2019,Ｊ１,第３節第１日,03/09(土),14:03,札幌,5-2,清水,5,2,1,〇,札幌ド,"22,692",ＤＡＺＮ／ＮＨＫ札幌,3
2019,Ｊ１,第４節第１日,03/17(日),14:03,札幌,1-3,鹿島,1,3,2,●,札幌ド,"23,002",ＤＡＺＮ／ＮＨＫ　ＢＳ１,0
2019,Ｊ１,第５節第２日,03/30(土),14:03,名古屋,4-0,札幌,4,0,1,●,豊田ス,"31,083",ＤＡＺＮ,0
2019,Ｊ１,第６節第２日,04/06(土),13:03,札幌,1-2,大分,1,2,2,●,札幌ド,"13,852",ＤＡＺＮ／札幌テレビ,0
2019,Ｊ１,第７節第１日,04/13(土),15:03,Ｃ大阪,0-1,札幌,0,1,2,〇,ヤンマー,"15,125",ＤＡＺＮ,3
2019,Ｊ１,第８節第２日,04/20(土),13:03,札幌,3-0,横浜FM,3,0,1,〇,札幌ド,"15,674",ＤＡＺＮ／北海道文化放送,3
2019,Ｊ１,第９節第２日,04/28(日),15:03,磐田,1-2,札幌,1,2,2,〇,ヤマハ,"13,904",ＤＡＺＮ／静岡放送,3
2019,Ｊ１,第１０節第２日,05/04(土・祝),14:03,札幌,2-1,神戸,2,1,1,〇,札幌ド,"34,591",ＤＡＺＮ／ＮＨＫ総合,3
2019,Ｊ１,第１１節第２日,05/12(日),13:04,松本,0-0,札幌,0,0,0,△,サンアル,"16,646",ＤＡＺＮ／長野放送,1
2019,Ｊ１,第１２節第２日,05/18(土),14:03,FC東京,2-0,札幌,2,0,1,●,味スタ,"24,772",ＤＡＺＮ,0
2019,Ｊ１,第１３節第１日,05/25(土),14:03,札幌,0-0,Ｇ大阪,0,0,0,△,札幌ド,"15,690",ＤＡＺＮ／ＮＨＫ札幌,1
2019,Ｊ１,第１４節第２日,06/01(土),14:03,札幌,1-0,広島,1,0,1,〇,札幌ド,"14,189",ＤＡＺＮ／北海道放送,3
2019,Ｊ１,第１５節第１日,06/14(金),19:03,川崎Ｆ,1-1,札幌,1,1,0,△,等々力,"22,609",ＤＡＺＮ,1
2019,Ｊ１,第１６節第１日,06/22(土),14:03,札幌,3-1,鳥栖,3,1,1,〇,札幌厚別,"6,836",ＤＡＺＮ／ＮＨＫ札幌,3
2019,Ｊ１,第１７節第２日,06/30(日),19:03,仙台,2-1,札幌,2,1,1,●,ユアスタ,"12,125",ＤＡＺＮ,0
2019,Ｊ１,第２８節第１日,10/04(金),19:03,Ｇ大阪,5-0,札幌,5,0,1,●,パナスタ,"20,554",ＤＡＺＮ,0
2019,Ｊ１,第２９節第１日,10/18(金),19:03,札幌,0-1,Ｃ大阪,0,1,2,●,札幌ド,"12,443",ＤＡＺＮ／北海道放送（録）,0
2019,Ｊ１,第３０節第２日,11/02(土),14:03,札幌,3-0,名古屋,3,0,1,〇,札幌ド,"19,943",ＤＡＺＮ／札幌テレビ,3
2019,Ｊ１,第３１節第２日,11/09(土),14:03,横浜FM,4-2,札幌,4,2,1,●,ニッパツ,"13,617",ＤＡＺＮ／テレビ神奈川（録）,0
2019,Ｊ１,第３２節第２日,11/23(土・祝),14:03,札幌,1-2,磐田,1,2,2,●,札幌ド,"19,785",ＤＡＺＮ／北海道文化放送,0
2019,Ｊ１,第３３節第１日,11/30(土),14:03,鳥栖,0-2,札幌,0,2,2,〇,駅スタ,"17,512",ＤＡＺＮ／ＮＨＫ佐賀,3
2019,Ｊ１,第３４節第１日,12/07(土),14:03,札幌,1-2,川崎Ｆ,1,2,2,●,札幌ド,"26,399",ＤＡＺＮ／ＮＨＫ札幌,0
2020,Ｊ１,第１節第２日,02/22(土),15:03,柏,4-2,札幌,4,2,1,●,三協Ｆ柏,12468,ＤＡＺＮ,0
2020,Ｊ１,第２０節第１日,10/03(土),14:03,札幌,3-3,仙台,3,3,0,△,札幌ド,5339,ＤＡＺＮ,1
2020,Ｊ１,第２１節第１日,10/10(土),14:03,札幌,2-1,湘南,2,1,1,〇,札幌厚別,2859,ＤＡＺＮ,3
2020,Ｊ１,第２２節第１日,10/14(水),19:33,名古屋,3-0,札幌,3,0,1,●,パロ瑞穂,8895,ＤＡＺＮ,0
2020,Ｊ１,第２３節第２日,10/18(日),13:03,札幌,1-0,鹿島,1,0,1,〇,札幌ド,5359,ＤＡＺＮ／札幌テレビ（録）,3
2020,Ｊ１,第２４節第３日,10/24(土),14:02,札幌,3-0,横浜FC,3,0,1,〇,札幌ド,6256,ＤＡＺＮ／ＮＨＫ札幌,3
2020,Ｊ１,第２５節第３日,10/31(土),19:03,Ｇ大阪,2-1,札幌,2,1,1,●,パナスタ,16183,ＤＡＺＮ／ＮＨＫ　ＢＳ１,0
2020,Ｊ１,第２６節第２日,11/03(火・祝),14:03,川崎Ｆ,0-2,札幌,0,2,2,〇,等々力,11165,ＤＡＺＮ／ＮＨＫ　ＢＳ１,3
2020,Ｊ１,第３３節第２日,11/11(水),19:03,FC東京,1-0,札幌,1,0,1,●,味スタ,6357,ＤＡＺＮ　ＡＦＣチャンピオンズリーグ２０２０の日程等に伴い、８月４日の発表時より日程が変更となっております。,0
2020,Ｊ１,第２７節第１日,11/14(土),14:03,札幌,1-1,鳥栖,1,1,0,△,札幌ド,5663,ＤＡＺＮ／札幌テレビ,1
2020,Ｊ１,第２８節第３日,11/21(土),14:03,札幌,5-1,清水,5,1,1,〇,札幌ド,5220,ＤＡＺＮ／北海道文化放送,3
2020,Ｊ１,第３０節第３日,11/28(土),14:03,広島,2-2,札幌,2,2,0,△,Ｅスタ,6346,ＤＡＺＮ／ＮＨＫ広島／ＮＨＫ札幌,1
2020,Ｊ１,第３１節第３日,12/05(土),14:01,札幌,1-3,Ｃ大阪,1,3,2,●,札幌ド,8905,ＤＡＺＮ／ＮＨＫ総合,0
2020,Ｊ１,第３２節第４日,12/12(土),15:03,大分,1-1,札幌,1,1,0,△,昭和電ド,6120,ＤＡＺＮ,1
2020,Ｊ１,第３４節第１日,12/19(土),14:04,浦和,0-2,札幌,0,2,2,〇,埼玉,19319,ＤＡＺＮ／テレ玉,3
2021,Ｊ１,第１節第２日,02/27(土),14:00,札幌,5-1,横浜FC,5,1,1,〇,札幌ド,11897,ＤＡＺＮ／ＮＨＫ札幌,3
2021,Ｊ１,第２節第１日,03/06(土),16:03,名古屋,1-0,札幌,1,0,1,●,豊田ス,9846,ＤＡＺＮ,0
2021,Ｊ１,第３節第１日,03/10(水),19:03,広島,2-1,札幌,2,1,1,●,Ｅスタ,3821,ＤＡＺＮ,0
2021,Ｊ１,第５節第１日,03/17(水),18:04,浦和,0-0,札幌,0,0,0,△,埼玉,4571,ＤＡＺＮ／テレ玉,1
2021,Ｊ１,第６節第１日,03/20(土・祝),14:03,札幌,3-4,神戸,3,4,2,●,札幌ド,9512,ＤＡＺＮ,0
2021,Ｊ１,第７節第２日,04/03(土),14:03,福岡,1-2,札幌,1,2,2,〇,ベススタ,4432,ＤＡＺＮ,3
2021,Ｊ１,第８節第２日,04/07(水),19:03,FC東京,2-1,札幌,2,1,1,●,味スタ,6236,ＤＡＺＮ,0
2021,Ｊ１,第９節第２日,04/11(日),13:08,札幌,2-2,鹿島,2,2,0,△,札幌ド,10342,ＤＡＺＮ／ＮＨＫ札幌,1
2021,Ｊ１,第１０節第１日,04/16(金),19:03,札幌,1-3,横浜FM,1,3,2,●,札幌ド,9222,ＤＡＺＮ,0
2021,Ｊ１,第１１節第３日,04/24(土),13:03,札幌,2-1,仙台,2,1,1,〇,札幌厚別,4336,ＤＡＺＮ,3
2021,Ｊ１,第１２節第２日,05/02(日),15:03,湘南,0-0,札幌,0,0,0,△,レモンＳ,4956,ＤＡＺＮ,1
2021,Ｊ１,第１３節第２日,05/09(日),15:03,徳島,1-2,札幌,1,2,2,〇,鳴門大塚,4954,ＤＡＺＮ,3
2021,Ｊ１,第１４節第２日,05/16(日),15:03,川崎Ｆ,2-0,札幌,2,0,1,●,等々力,4932,ＤＡＺＮ,0
2021,Ｊ１,第１５節第１日,05/22(土),14:00,札幌,2-0,清水,2,0,1,〇,札幌ド,3334,ＤＡＺＮ／ＮＨＫ札幌,3
2021,Ｊ１,第１６節第１日,05/26(水),19:05,札幌,0-0,鳥栖,0,0,0,△,札幌ド,3362,ＤＡＺＮ／北海道放送,1
2021,Ｊ１,第１７節第１日,05/29(土),19:03,柏,1-2,札幌,1,2,2,〇,三協Ｆ柏,4270,ＤＡＺＮ,3
2021,Ｊ１,第１８節第２日,06/19(土),14:03,札幌,2-0,大分,2,0,1,〇,札幌厚別,3736,ＤＡＺＮ,3
2021,Ｊ１,第２０節第２日,06/27(日),18:33,鹿島,4-0,札幌,4,0,1,●,カシマ,7953,ＤＡＺＮ,0
